Route (r),Time Block (t),Route type,"Old ridership (x_old,r,t)",Trip length km (L_r),"Average length hr (T_r,t)","Old frequency of buses (f_old,r,t)","Old number of buses (n_old,r,t) - continuous","Old number of buses (n_old,r,t) - discrete","Time block hr (H_block,t)",Driver horuly wage rate $/hr (W_driver),Price of fuel $/litre (P_fuel),Fuel consumption (FC),Maintenace cost $/km (P_maintenance),Passenger hourly wage rate $/hr (W_passenger),VTTS fraction of passenger wage (F_wage),"Emission intensity of a car kgCO2eq/KPT (I_GHG,car)",Average Length of passenger trip (L_avg_trip),Social cost of carbon $/tonne CO2eq (SCC)," Vehicle-miles saved per 1 km  of passenger km travelled (V_km,saved)",,
5,Early AM,Frequent,23,9.7,0.39,0.743,0.28977,1,3.5,34.04,1.3,0.198,0.4,35.06,0.7,0.295,1.94,0.275,5.8,,Total non cancelled decision varialbes: 
5,AM Peak,Frequent,292,9.7,0.549,4.68,2.56932,3,2.5,34.04,1.3,0.242,0.4,35.06,1,0.33,1.94,0.275,5.8,,510
5,Midday,Frequent,566,9.7,0.57,4.65,2.6505,3,6,34.04,1.3,0.22,0.4,35.06,0.7,0.3,1.94,0.275,5.8,,
5,PM Peak,Frequent,303,9.7,0.657,5.743,3.773151,4,3.5,34.04,1.3,0.242,0.4,35.06,1,0.33,1.94,0.275,5.8,,
5,Evening,Frequent,162,9.7,0.517,2.622,1.355574,2,4.5,34.04,1.3,0.22,0.4,35.06,0.7,0.3,1.94,0.275,5.8,,
5,Night,Frequent,73,9.7,0.484,0.825,0.3993,1,4,34.04,1.3,0.198,0.4,35.06,0.7,0.295,1.94,0.275,5.8,,
6,Early AM,Frequent,177,17.1,0.703,1.429,1.004587,2,3.5,34.04,1.3,0.198,0.4,35.06,0.7,0.295,3.42,0.275,5.8,,
6,AM Peak,Frequent,1724,17.1,0.85,6.76,5.746,6,2.5,34.04,1.3,0.242,0.4,35.06,1,0.33,3.42,0.275,5.8,,
6,Midday,Frequent,3513,17.1,1.086,4.834,5.249724,6,6,34.04,1.3,0.22,0.4,35.06,0.7,0.3,3.42,0.275,5.8,,
6,PM Peak,Frequent,2781,17.1,1.017,6.829,6.945093,7,3.5,34.04,1.3,0.242,0.4,35.06,1,0.33,3.42,0.275,5.8,,
6,Evening,Frequent,1064,17.1,0.948,2.955,2.80134,3,4.5,34.04,1.3,0.22,0.4,35.06,0.7,0.3,3.42,0.275,5.8,,
6,Night,Frequent,448,17.1,0.415,1.575,0.653625,1,4,34.04,1.3,0.198,0.4,35.06,0.7,0.295,3.42,0.275,5.8,,
7,Early AM,Frequent,110,17.5,0.577,1.343,0.774911,1,3.5,34.04,1.3,0.198,0.4,35.06,0.7,0.295,3.5,0.275,5.8,,
7,AM Peak,Frequent,1649,17.5,1.018,6.24,6.35232,7,2.5,34.04,1.3,0.242,0.4,35.06,1,0.33,3.5,0.275,5.8,,
7,Midday,Frequent,3533,17.5,1.019,5.033,5.128627,6,6,34.04,1.3,0.22,0.4,35.06,0.7,0.3,3.5,0.275,5.8,,
7,PM Peak,Frequent,2555,17.5,1.097,5.743,6.300071,7,3.5,34.04,1.3,0.242,0.4,35.06,1,0.33,3.5,0.275,5.8,,
7,Evening,Frequent,1075,17.5,0.886,2.889,2.559654,3,4.5,34.04,1.3,0.22,0.4,35.06,0.7,0.3,3.5,0.275,5.8,,
7,Night,Frequent,550,17.5,0.724,1.225,0.8869,1,4,34.04,1.3,0.198,0.4,35.06,0.7,0.295,3.5,0.275,5.8,,
9,Early AM,Local,44,9.1,0.383,0.571,0.218693,1,3.5,34.04,1.3,0.198,0.4,35.06,0.7,0.295,1.82,0.275,5.8,,
9,AM Peak,Local,383,9.1,0.42,1.96,0.8232,1,2.5,34.04,1.3,0.242,0.4,35.06,1,0.33,1.82,0.275,5.8,,
9,Midday,Local,368,9.1,0.413,2.483,1.025479,2,6,34.04,1.3,0.22,0.4,35.06,0.7,0.3,1.82,0.275,5.8,,
9,PM Peak,Local,328,9.1,0.459,3.629,1.665711,2,3.5,34.04,1.3,0.242,0.4,35.06,1,0.33,1.82,0.275,5.8,,
9,Evening,Local,105,9.1,0.365,2.4,0.876,1,4.5,34.04,1.3,0.22,0.4,35.06,0.7,0.3,1.82,0.275,5.8,,
9,Night,Local,58,9.1,0.35,0.25,0.0875,1,4,34.04,1.3,0.198,0.4,35.06,0.7,0.295,1.82,0.275,5.8,,
10,Early AM,Frequent,42,17.6,0.55,0.657,0.36135,1,3.5,34.04,1.3,0.198,0.4,35.06,0.7,0.295,3.52,0.275,5.8,,
10,AM Peak,Frequent,879,17.6,0.743,5.44,4.04192,5,2.5,34.04,1.3,0.242,0.4,35.06,1,0.33,3.52,0.275,5.8,,
10,Midday,Frequent,2275,17.6,0.755,4.65,3.51075,4,6,34.04,1.3,0.22,0.4,35.06,0.7,0.3,3.52,0.275,5.8,,
10,PM Peak,Frequent,1291,17.6,0.877,4.686,4.109622,5,3.5,34.04,1.3,0.242,0.4,35.06,1,0.33,3.52,0.275,5.8,,
10,Evening,Frequent,443,17.6,0.838,2.378,1.992764,2,4.5,34.04,1.3,0.22,0.4,35.06,0.7,0.3,3.52,0.275,5.8,,
10,Night,Frequent,229,17.6,0.637,0.475,0.302575,1,4,34.04,1.3,0.198,0.4,35.06,0.7,0.295,3.52,0.275,5.8,,
11,Early AM,Frequent,112,23.1,0.72,1.743,1.25496,2,3.5,34.04,1.3,0.198,0.4,35.06,0.7,0.295,4.62,0.275,5.8,,
11,AM Peak,Frequent,829,23.1,1.003,4.88,4.89464,5,2.5,34.04,1.3,0.242,0.4,35.06,1,0.33,4.62,0.275,5.8,,
11,Midday,Frequent,1989,23.1,1.098,4.067,4.465566,5,6,34.04,1.3,0.22,0.4,35.06,0.7,0.3,4.62,0.275,5.8,,
11,PM Peak,Frequent,1217,23.1,1.227,5.143,6.310461,7,3.5,34.04,1.3,0.242,0.4,35.06,1,0.33,4.62,0.275,5.8,,
11,Evening,Frequent,495,23.1,0.941,2.422,2.279102,3,4.5,34.04,1.3,0.22,0.4,35.06,0.7,0.3,4.62,0.275,5.8,,
11,Night,Frequent,202,23.1,0.696,1,0.696,1,4,34.04,1.3,0.198,0.4,35.06,0.7,0.295,4.62,0.275,5.8,,
12,Early AM,Frequent,156,17.3,0.554,1.771,0.981134,1,3.5,34.04,1.3,0.198,0.4,35.06,0.7,0.295,3.46,0.275,5.8,,
12,AM Peak,Frequent,867,17.3,0.894,5.2,4.6488,5,2.5,34.04,1.3,0.242,0.4,35.06,1,0.33,3.46,0.275,5.8,,
12,Midday,Frequent,1903,17.3,0.925,4.984,4.6102,5,6,34.04,1.3,0.22,0.4,35.06,0.7,0.3,3.46,0.275,5.8,,
12,PM Peak,Frequent,1105,17.3,1.011,6.057,6.123627,7,3.5,34.04,1.3,0.242,0.4,35.06,1,0.33,3.46,0.275,5.8,,
12,Evening,Frequent,496,17.3,0.694,4.133,2.868302,3,4.5,34.04,1.3,0.22,0.4,35.06,0.7,0.3,3.46,0.275,5.8,,
12,Night,Frequent,221,17.3,0.502,1.65,0.8283,1,4,34.04,1.3,0.198,0.4,35.06,0.7,0.295,3.46,0.275,5.8,,
14,Early AM,Frequent,119,13.7,0.709,0.857,0.607613,1,3.5,34.04,1.3,0.198,0.4,35.06,0.7,0.295,2.74,0.275,5.8,,
14,AM Peak,Frequent,1323,13.7,0.882,5.6,4.9392,5,2.5,34.04,1.3,0.242,0.4,35.06,1,0.33,2.74,0.275,5.8,,
14,Midday,Frequent,2942,13.7,0.893,4.45,3.97385,4,6,34.04,1.3,0.22,0.4,35.06,0.7,0.3,2.74,0.275,5.8,,
14,PM Peak,Frequent,1893,13.7,0.95,5,4.75,5,3.5,34.04,1.3,0.242,0.4,35.06,1,0.33,2.74,0.275,5.8,,
14,Evening,Frequent,743,13.7,0.759,2.156,1.636404,2,4.5,34.04,1.3,0.22,0.4,35.06,0.7,0.3,2.74,0.275,5.8,,
14,Night,Frequent,344,13.7,0.598,0.825,0.49335,1,4,34.04,1.3,0.198,0.4,35.06,0.7,0.295,2.74,0.275,5.8,,
15,Early AM,Local,244,10.6,0.517,0.571,0.295207,1,3.5,34.04,1.3,0.198,0.4,35.06,0.7,0.295,2.12,0.275,5.8,,
15,AM Peak,Local,1798,10.6,0.596,3.68,2.19328,3,2.5,34.04,1.3,0.242,0.4,35.06,1,0.33,2.12,0.275,5.8,,
15,Midday,Local,2632,10.6,0.554,0.417,0.231018,1,6,34.04,1.3,0.22,0.4,35.06,0.7,0.3,2.12,0.275,5.8,,
15,PM Peak,Local,2650,10.6,0.671,4.4,2.9524,3,3.5,34.04,1.3,0.242,0.4,35.06,1,0.33,2.12,0.275,5.8,,
15,Evening,Local,902,10.6,0.583,0.222,0.129426,1,4.5,34.04,1.3,0.22,0.4,35.06,0.7,0.3,2.12,0.275,5.8,,
15,Night,Local,461,10.6,0,0,0,0,4,34.04,1.3,0.198,0.4,35.06,0.7,0.295,2.12,0.275,5.8,,
16,Early AM,Cancelled ,9,,,,,,,,,,,,,,,,,,
16,AM Peak,Cancelled ,308,,,,,,,,,,,,,,,,,,
16,Midday,Cancelled ,682,,,,,,,,,,,,,,,,,,
16,PM Peak,Cancelled ,293,,,,,,,,,,,,,,,,,,
16,Evening,Cancelled ,157,,,,,,,,,,,,,,,,,,
16,Night,Cancelled ,50,,,,,,,,,,,,,,,,,,
18,Early AM,Local,35,14.1,0.571,0.714,0.407694,1,3.5,34.04,1.3,0.198,0.4,35.06,0.7,0.295,2.82,0.275,5.8,,
18,AM Peak,Local,213,14.1,0.722,2.96,2.13712,3,2.5,34.04,1.3,0.242,0.4,35.06,1,0.33,2.82,0.275,5.8,,
18,Midday,Local,427,14.1,0.762,2.483,1.892046,2,6,34.04,1.3,0.22,0.4,35.06,0.7,0.3,2.82,0.275,5.8,,
18,PM Peak,Local,348,14.1,0.87,2.572,2.23764,3,3.5,34.04,1.3,0.242,0.4,35.06,1,0.33,2.82,0.275,5.8,,
18,Evening,Local,185,14.1,0.682,2.222,1.515404,2,4.5,34.04,1.3,0.22,0.4,35.06,0.7,0.3,2.82,0.275,5.8,,
18,Night,Local,86,14.1,0.613,0.425,0.260525,1,4,34.04,1.3,0.198,0.4,35.06,0.7,0.295,2.82,0.275,5.8,,
19,Early AM,Local,40,16.6,0.503,0.571,0.287213,1,3.5,34.04,1.3,0.198,0.4,35.06,0.7,0.295,3.32,0.275,5.8,,
19,AM Peak,Local,416,16.6,0.717,3.08,2.20836,3,2.5,34.04,1.3,0.242,0.4,35.06,1,0.33,3.32,0.275,5.8,,
19,Midday,Local,854,16.6,0.837,2.417,2.023029,3,6,34.04,1.3,0.22,0.4,35.06,0.7,0.3,3.32,0.275,5.8,,
19,PM Peak,Local,586,16.6,0.891,2.514,2.239974,3,3.5,34.04,1.3,0.242,0.4,35.06,1,0.33,3.32,0.275,5.8,,
19,Evening,Local,317,16.6,0.698,2.089,1.458122,2,4.5,34.04,1.3,0.22,0.4,35.06,0.7,0.3,3.32,0.275,5.8,,
19,Night,Local,126,16.6,0.51,0.4,0.204,1,4,34.04,1.3,0.198,0.4,35.06,0.7,0.295,3.32,0.275,5.8,,
20,Early AM,Local,57,13.0,0.542,0.571,0.309482,1,3.5,34.04,1.3,0.198,0.4,35.06,0.7,0.295,2.6,0.275,5.8,,
20,AM Peak,Local,176,13.0,0.677,2.08,1.40816,2,2.5,34.04,1.3,0.242,0.4,35.06,1,0.33,2.6,0.275,5.8,,
20,Midday,Local,348,13.0,0.686,2.483,1.703338,2,6,34.04,1.3,0.22,0.4,35.06,0.7,0.3,2.6,0.275,5.8,,
20,PM Peak,Local,245,13.0,0.749,2.371,1.775879,2,3.5,34.04,1.3,0.242,0.4,35.06,1,0.33,2.6,0.275,5.8,,
20,Evening,Local,129,13.0,0.605,1.956,1.18338,2,4.5,34.04,1.3,0.22,0.4,35.06,0.7,0.3,2.6,0.275,5.8,,
20,Night,Local,34,13.0,0.489,0.275,0.134475,1,4,34.04,1.3,0.198,0.4,35.06,0.7,0.295,2.6,0.275,5.8,,
21,Early AM,Local,0,6.5,0,0,0,0,3.5,34.04,1.3,0.198,0.4,35.06,0.7,0.295,1.3,0.275,5.8,,
21,AM Peak,Local,27,6.5,0.106,1.6,0.1696,1,2.5,34.04,1.3,0.242,0.4,35.06,1,0.33,1.3,0.275,5.8,,
21,Midday,Local,0,6.5,0,0,0,0,6,34.04,1.3,0.22,0.4,35.06,0.7,0.3,1.3,0.275,5.8,,
21,PM Peak,Local,25,6.5,0.133,0.857,0.113981,1,3.5,34.04,1.3,0.242,0.4,35.06,1,0.33,1.3,0.275,5.8,,
21,Evening,Local,0,6.5,0,0,0,0,4.5,34.04,1.3,0.22,0.4,35.06,0.7,0.3,1.3,0.275,5.8,,
21,Night,Local,0,6.5,0,0,0,0,4,34.04,1.3,0.198,0.4,35.06,0.7,0.295,1.3,0.275,5.8,,
23,Early AM,Local,0,11.3,0,0,0,0,3.5,34.04,1.3,0.198,0.4,35.06,0.7,0.295,2.26,0.275,5.8,,
23,AM Peak,Local,42,11.3,0.428,1.2,0.5136,1,2.5,34.04,1.3,0.242,0.4,35.06,1,0.33,2.26,0.275,5.8,,
23,Midday,Local,16,11.3,0,0,0,0,6,34.04,1.3,0.22,0.4,35.06,0.7,0.3,2.26,0.275,5.8,,
23,PM Peak,Local,29,11.3,0.42,1.429,0.60018,1,3.5,34.04,1.3,0.242,0.4,35.06,1,0.33,2.26,0.275,5.8,,
23,Evening,Local,0,11.3,0,0,0,0,4.5,34.04,1.3,0.22,0.4,35.06,0.7,0.3,2.26,0.275,5.8,,
23,Night,Local,0,11.3,0,0,0,0,4,34.04,1.3,0.198,0.4,35.06,0.7,0.295,2.26,0.275,5.8,,
24,Early AM,Local,54,27.6,0.582,1.057,0.615174,1,3.5,34.04,1.3,0.198,0.4,35.06,0.7,0.295,5.52,0.275,5.8,,
24,AM Peak,Local,649,27.6,0.649,4.56,2.95944,3,2.5,34.04,1.3,0.242,0.4,35.06,1,0.33,5.52,0.275,5.8,,
24,Midday,Local,608,27.6,1.03,2.717,2.79851,3,6,34.04,1.3,0.22,0.4,35.06,0.7,0.3,5.52,0.275,5.8,,
24,PM Peak,Local,680,27.6,0.702,5,3.51,4,3.5,34.04,1.3,0.242,0.4,35.06,1,0.33,5.52,0.275,5.8,,
24,Evening,Local,157,27.6,0.803,2.222,1.784266,2,4.5,34.04,1.3,0.22,0.4,35.06,0.7,0.3,5.52,0.275,5.8,,
24,Night,Local,75,27.6,0.458,0.25,0.1145,1,4,34.04,1.3,0.198,0.4,35.06,0.7,0.295,5.52,0.275,5.8,,
25,Early AM,Frequent,151,22.0,0.639,1.286,0.821754,1,3.5,34.04,1.3,0.198,0.4,35.06,0.7,0.295,4.4,0.275,5.8,,
25,AM Peak,Frequent,852,22.0,0.804,4.28,3.44112,4,2.5,34.04,1.3,0.242,0.4,35.06,1,0.33,4.4,0.275,5.8,,
25,Midday,Frequent,1580,22.0,0.753,5.5,4.1415,5,6,34.04,1.3,0.22,0.4,35.06,0.7,0.3,4.4,0.275,5.8,,
25,PM Peak,Frequent,1103,22.0,0.817,6.572,5.369324,6,3.5,34.04,1.3,0.242,0.4,35.06,1,0.33,4.4,0.275,5.8,,
25,Evening,Frequent,606,22.0,0.696,2.222,1.546512,2,4.5,34.04,1.3,0.22,0.4,35.06,0.7,0.3,4.4,0.275,5.8,,
25,Night,Frequent,209,22.0,0.507,1,0.507,1,4,34.04,1.3,0.198,0.4,35.06,0.7,0.295,4.4,0.275,5.8,,
26,Early AM,Local,24,8.5,0.125,0.286,0.03575,1,3.5,34.04,1.3,0.198,0.4,35.06,0.7,0.295,1.7,0.275,5.8,,
26,AM Peak,Local,137,8.5,0.173,2,0.346,1,2.5,34.04,1.3,0.242,0.4,35.06,1,0.33,1.7,0.275,5.8,,
26,Midday,Local,180,8.5,0.215,0.833,0.179095,1,6,34.04,1.3,0.22,0.4,35.06,0.7,0.3,1.7,0.275,5.8,,
26,PM Peak,Local,65,8.5,0.156,2,0.312,1,3.5,34.04,1.3,0.242,0.4,35.06,1,0.33,1.7,0.275,5.8,,
26,Evening,Local,33,8.5,0,0,0,0,4.5,34.04,1.3,0.22,0.4,35.06,0.7,0.3,1.7,0.275,5.8,,
26,Night,Local,18,8.5,0,0,0,0,4,34.04,1.3,0.198,0.4,35.06,0.7,0.295,1.7,0.275,5.8,,
27,Early AM,Cancelled ,10,,,,,,,,,,,,,,,,,,
27,AM Peak,Cancelled ,73,,,,,,,,,,,,,,,,,,
27,Midday,Cancelled ,50,,,,,,,,,,,,,,,,,,
27,PM Peak,Cancelled ,77,,,,,,,,,,,,,,,,,,
27,Evening,Cancelled ,0,,,,,,,,,,,,,,,,,,
27,Night,Cancelled ,0,,,,,,,,,,,,,,,,,,
28,Early AM,Cancelled ,5,,,,,,,,,,,,,,,,,,
28,AM Peak,Cancelled ,227,,,,,,,,,,,,,,,,,,
28,Midday,Cancelled ,433,,,,,,,,,,,,,,,,,,
28,PM Peak,Cancelled ,193,,,,,,,,,,,,,,,,,,
28,Evening,Cancelled ,33,,,,,,,,,,,,,,,,,,
28,Night,Cancelled ,5,,,,,,,,,,,,,,,,,,
30,Early AM,Local,79,18.7,0.422,0.857,0.361654,1,3.5,34.04,1.3,0.198,0.4,35.06,0.7,0.295,3.74,0.275,5.8,,
30,AM Peak,Local,485,18.7,0.495,3.96,1.9602,2,2.5,34.04,1.3,0.242,0.4,35.06,1,0.33,3.74,0.275,5.8,,
30,Midday,Local,570,18.7,0.462,2.367,1.093554,2,6,34.04,1.3,0.22,0.4,35.06,0.7,0.3,3.74,0.275,5.8,,
30,PM Peak,Local,670,18.7,0.496,3.743,1.856528,2,3.5,34.04,1.3,0.242,0.4,35.06,1,0.33,3.74,0.275,5.8,,
30,Evening,Local,207,18.7,0.395,2.089,0.825155,1,4.5,34.04,1.3,0.22,0.4,35.06,0.7,0.3,3.74,0.275,5.8,,
30,Night,Local,76,18.7,0,0,0,0,4,34.04,1.3,0.198,0.4,35.06,0.7,0.295,3.74,0.275,5.8,,
31,Early AM,Local,0,14.8,0.483,0.286,0.138138,1,3.5,34.04,1.3,0.198,0.4,35.06,0.7,0.295,2.96,0.275,5.8,,
31,AM Peak,Local,24,14.8,0.545,2.52,1.3734,2,2.5,34.04,1.3,0.242,0.4,35.06,1,0.33,2.96,0.275,5.8,,
31,Midday,Local,6,14.8,0.517,2.45,1.26665,2,6,34.04,1.3,0.22,0.4,35.06,0.7,0.3,2.96,0.275,5.8,,
31,PM Peak,Local,27,14.8,0.56,2.915,1.6324,2,3.5,34.04,1.3,0.242,0.4,35.06,1,0.33,2.96,0.275,5.8,,
31,Evening,Local,0,14.8,0.457,2,0.914,1,4.5,34.04,1.3,0.22,0.4,35.06,0.7,0.3,2.96,0.275,5.8,,
31,Night,Local,0,14.8,0.467,0.25,0.11675,1,4,34.04,1.3,0.198,0.4,35.06,0.7,0.295,2.96,0.275,5.8,,
32,Early AM,Local,18,22.9,0.6,0.571,0.3426,1,3.5,34.04,1.3,0.198,0.4,35.06,0.7,0.295,4.58,0.275,5.8,,
32,AM Peak,Local,146,22.9,0.7,2.48,1.736,2,2.5,34.04,1.3,0.242,0.4,35.06,1,0.33,4.58,0.275,5.8,,
32,Midday,Local,138,22.9,0.583,0.167,0.097361,1,6,34.04,1.3,0.22,0.4,35.06,0.7,0.3,4.58,0.275,5.8,,
32,PM Peak,Local,86,22.9,0.705,2.286,1.61163,2,3.5,34.04,1.3,0.242,0.4,35.06,1,0.33,4.58,0.275,5.8,,
32,Evening,Local,9,22.9,0.617,0.222,0.136974,1,4.5,34.04,1.3,0.22,0.4,35.06,0.7,0.3,4.58,0.275,5.8,,
32,Night,Local,0,22.9,0,0,0,0,4,34.04,1.3,0.198,0.4,35.06,0.7,0.295,4.58,0.275,5.8,,
33,Early AM,Local,53,21.2,0.628,0.429,0.269412,1,3.5,34.04,1.3,0.198,0.4,35.06,0.7,0.295,4.24,0.275,5.8,,
33,AM Peak,Local,303,21.2,0.586,3.72,2.17992,3,2.5,34.04,1.3,0.242,0.4,35.06,1,0.33,4.24,0.275,5.8,,
33,Midday,Local,173,21.2,0.37,2.416,0.89392,1,6,34.04,1.3,0.22,0.4,35.06,0.7,0.3,4.24,0.275,5.8,,
33,PM Peak,Local,257,21.2,0.595,2.8,1.666,2,3.5,34.04,1.3,0.242,0.4,35.06,1,0.33,4.24,0.275,5.8,,
33,Evening,Local,44,21.2,0.569,1.667,0.948523,1,4.5,34.04,1.3,0.22,0.4,35.06,0.7,0.3,4.24,0.275,5.8,,
33,Night,Local,21,21.2,0.55,0.25,0.1375,1,4,34.04,1.3,0.198,0.4,35.06,0.7,0.295,4.24,0.275,5.8,,
34,Early AM,Local,21,20.0,0.554,0.571,0.316334,1,3.5,34.04,1.3,0.198,0.4,35.06,0.7,0.295,4,0.275,5.8,,
34,AM Peak,Local,275,20.0,0.582,2.36,1.37352,2,2.5,34.04,1.3,0.242,0.4,35.06,1,0.33,4,0.275,5.8,,
34,Midday,Local,395,20.0,0.56,2.55,1.428,2,6,34.04,1.3,0.22,0.4,35.06,0.7,0.3,4,0.275,5.8,,
34,PM Peak,Local,216,20.0,0.611,2.229,1.361919,2,3.5,34.04,1.3,0.242,0.4,35.06,1,0.33,4,0.275,5.8,,
34,Evening,Local,109,20.0,0.536,1.466,0.785776,1,4.5,34.04,1.3,0.22,0.4,35.06,0.7,0.3,4,0.275,5.8,,
34,Night,Local,22,20.0,0,0,0,0,4,34.04,1.3,0.198,0.4,35.06,0.7,0.295,4,0.275,5.8,,
35,Early AM,Local,17,23.6,0.625,0.286,0.17875,1,3.5,34.04,1.3,0.198,0.4,35.06,0.7,0.295,4.72,0.275,5.8,,
35,AM Peak,Local,406,23.6,0.687,3.28,2.25336,3,2.5,34.04,1.3,0.242,0.4,35.06,1,0.33,4.72,0.275,5.8,,
35,Midday,Local,650,23.6,0.476,2.534,1.206184,2,6,34.04,1.3,0.22,0.4,35.06,0.7,0.3,4.72,0.275,5.8,,
35,PM Peak,Local,516,23.6,0.736,2.943,2.166048,3,3.5,34.04,1.3,0.242,0.4,35.06,1,0.33,4.72,0.275,5.8,,
35,Evening,Local,166,23.6,0.437,1.978,0.864386,1,4.5,34.04,1.3,0.22,0.4,35.06,0.7,0.3,4.72,0.275,5.8,,
35,Night,Local,92,23.6,0.444,0.475,0.2109,1,4,34.04,1.3,0.198,0.4,35.06,0.7,0.295,4.72,0.275,5.8,,
37,Early AM,Cancelled ,1,,,,,,,,,,,,,,,,,,
37,AM Peak,Cancelled ,30,,,,,,,,,,,,,,,,,,
37,Midday,Cancelled ,27,,,,,,,,,,,,,,,,,,
37,PM Peak,Cancelled ,12,,,,,,,,,,,,,,,,,,
37,Evening,Cancelled ,5,,,,,,,,,,,,,,,,,,
37,Night,Cancelled ,0,,,,,,,,,,,,,,,,,,
38,Early AM,Local,48,16.9,0.484,0.571,0.276364,1,3.5,34.04,1.3,0.198,0.4,35.06,0.7,0.295,3.38,0.275,5.8,,
38,AM Peak,Local,238,16.9,0.53,3.12,1.6536,2,2.5,34.04,1.3,0.242,0.4,35.06,1,0.33,3.38,0.275,5.8,,
38,Midday,Local,382,16.9,0.548,2.567,1.406716,2,6,34.04,1.3,0.22,0.4,35.06,0.7,0.3,3.38,0.275,5.8,,
38,PM Peak,Local,311,16.9,0.587,2.6,1.5262,2,3.5,34.04,1.3,0.242,0.4,35.06,1,0.33,3.38,0.275,5.8,,
38,Evening,Local,105,16.9,0.568,2.022,1.148496,2,4.5,34.04,1.3,0.22,0.4,35.06,0.7,0.3,3.38,0.275,5.8,,
38,Night,Local,50,16.9,0.567,0.25,0.14175,1,4,34.04,1.3,0.198,0.4,35.06,0.7,0.295,3.38,0.275,5.8,,
39,Early AM,Frequent ,114,31.3,0.632,2.657,1.679224,2,3.5,34.04,1.3,0.198,0.4,35.06,0.7,0.295,6.26,0.275,5.8,,
39,AM Peak,Frequent ,499,31.3,0.518,6.84,3.54312,4,2.5,34.04,1.3,0.242,0.4,35.06,1,0.33,6.26,0.275,5.8,,
39,Midday,Frequent ,673,31.3,0.465,4.767,2.216655,3,6,34.04,1.3,0.22,0.4,35.06,0.7,0.3,6.26,0.275,5.8,,
39,PM Peak,Frequent ,714,31.3,0.532,6.4,3.4048,4,3.5,34.04,1.3,0.242,0.4,35.06,1,0.33,6.26,0.275,5.8,,
39,Evening,Frequent ,180,31.3,0.448,4.133,1.851584,2,4.5,34.04,1.3,0.22,0.4,35.06,0.7,0.3,6.26,0.275,5.8,,
39,Night,Frequent ,116,31.3,0.641,2.425,1.554425,2,4,34.04,1.3,0.198,0.4,35.06,0.7,0.295,6.26,0.275,5.8,,
40,Early AM,Frequent ,94,16.5,0.413,1.771,0.731423,1,3.5,34.04,1.3,0.198,0.4,35.06,0.7,0.295,3.3,0.275,5.8,,
40,AM Peak,Frequent ,680,16.5,0.535,4.8,2.568,3,2.5,34.04,1.3,0.242,0.4,35.06,1,0.33,3.3,0.275,5.8,,
40,Midday,Frequent ,1098,16.5,0.437,4.4,1.9228,2,6,34.04,1.3,0.22,0.4,35.06,0.7,0.3,3.3,0.275,5.8,,
40,PM Peak,Frequent ,779,16.5,0.61,5.572,3.39892,4,3.5,34.04,1.3,0.242,0.4,35.06,1,0.33,3.3,0.275,5.8,,
40,Evening,Frequent ,278,16.5,0.629,2.4,1.5096,2,4.5,34.04,1.3,0.22,0.4,35.06,0.7,0.3,3.3,0.275,5.8,,
40,Night,Frequent ,143,16.5,0.548,1,0.548,1,4,34.04,1.3,0.198,0.4,35.06,0.7,0.295,3.3,0.275,5.8,,
42,Early AM,Local,41,12.8,0.383,0.429,0.164307,1,3.5,34.04,1.3,0.198,0.4,35.06,0.7,0.295,2.56,0.275,5.8,,
42,AM Peak,Local,267,12.8,0.424,3.2,1.3568,2,2.5,34.04,1.3,0.242,0.4,35.06,1,0.33,2.56,0.275,5.8,,
42,Midday,Local,333,12.8,0.422,2.4,1.0128,2,6,34.04,1.3,0.22,0.4,35.06,0.7,0.3,2.56,0.275,5.8,,
42,PM Peak,Local,364,12.8,0.448,3.057,1.369536,2,3.5,34.04,1.3,0.242,0.4,35.06,1,0.33,2.56,0.275,5.8,,
42,Evening,Local,121,12.8,0.381,1.444,0.550164,1,4.5,34.04,1.3,0.22,0.4,35.06,0.7,0.3,2.56,0.275,5.8,,
42,Night,Local,12,12.8,0,0,0,0,4,34.04,1.3,0.198,0.4,35.06,0.7,0.295,2.56,0.275,5.8,,
44,Early AM,Frequent ,105,12.8,0.434,1.172,0.508648,1,3.5,34.04,1.3,0.198,0.4,35.06,0.7,0.295,2.56,0.275,5.8,,
44,AM Peak,Frequent ,725,12.8,0.538,4.48,2.41024,3,2.5,34.04,1.3,0.242,0.4,35.06,1,0.33,2.56,0.275,5.8,,
44,Midday,Frequent ,1304,12.8,0.513,4.584,2.351592,3,6,34.04,1.3,0.22,0.4,35.06,0.7,0.3,2.56,0.275,5.8,,
44,PM Peak,Frequent ,924,12.8,0.582,5.686,3.309252,4,3.5,34.04,1.3,0.242,0.4,35.06,1,0.33,2.56,0.275,5.8,,
44,Evening,Frequent ,391,12.8,0.478,2.644,1.263832,2,4.5,34.04,1.3,0.22,0.4,35.06,0.7,0.3,2.56,0.275,5.8,,
44,Night,Frequent ,177,12.8,0.446,0.95,0.4237,1,4,34.04,1.3,0.198,0.4,35.06,0.7,0.295,2.56,0.275,5.8,,
45,Early AM,Frequent ,25,9.5,0.195,1.629,0.317655,1,3.5,34.04,1.3,0.198,0.4,35.06,0.7,0.295,1.9,0.275,5.8,,
45,AM Peak,Frequent ,278,9.5,0.138,4.92,0.67896,1,2.5,34.04,1.3,0.242,0.4,35.06,1,0.33,1.9,0.275,5.8,,
45,Midday,Frequent ,531,9.5,0.126,4.567,0.575442,1,6,34.04,1.3,0.22,0.4,35.06,0.7,0.3,1.9,0.275,5.8,,
45,PM Peak,Frequent ,321,9.5,0.134,5.686,0.761924,1,3.5,34.04,1.3,0.242,0.4,35.06,1,0.33,1.9,0.275,5.8,,
45,Evening,Frequent ,99,9.5,0.125,3.289,0.411125,1,4.5,34.04,1.3,0.22,0.4,35.06,0.7,0.3,1.9,0.275,5.8,,
45,Night,Frequent ,61,9.5,0.201,2.1,0.4221,1,4,34.04,1.3,0.198,0.4,35.06,0.7,0.295,1.9,0.275,5.8,,
46,Early AM,Cancelled ,153,,,,,,,,,,,,,,,,,,
46,AM Peak,Cancelled ,909,,,,,,,,,,,,,,,,,,
46,Midday,Cancelled ,1485,,,,,,,,,,,,,,,,,,
46,PM Peak,Cancelled ,993,,,,,,,,,,,,,,,,,,
46,Evening,Cancelled ,429,,,,,,,,,,,,,,,,,,
46,Night,Cancelled ,227,,,,,,,,,,,,,,,,,,
47,Early AM,Local,50,12.2,0.375,0.571,0.214125,1,3.5,34.04,1.3,0.198,0.4,35.06,0.7,0.295,2.44,0.275,5.8,,
47,AM Peak,Local,176,12.2,0.403,2.4,0.9672,1,2.5,34.04,1.3,0.242,0.4,35.06,1,0.33,2.44,0.275,5.8,,
47,Midday,Local,13,12.2,0,0,0,0,6,34.04,1.3,0.22,0.4,35.06,0.7,0.3,2.44,0.275,5.8,,
47,PM Peak,Local,146,12.2,0.457,3.2,1.4624,2,3.5,34.04,1.3,0.242,0.4,35.06,1,0.33,2.44,0.275,5.8,,
47,Evening,Local,0,12.2,0,0,0,0,4.5,34.04,1.3,0.22,0.4,35.06,0.7,0.3,2.44,0.275,5.8,,
47,Night,Local,0,12.2,0,0,0,0,4,34.04,1.3,0.198,0.4,35.06,0.7,0.295,2.44,0.275,5.8,,
48,Early AM,Local,23,17.9,0.584,1.429,0.834536,1,3.5,34.04,1.3,0.198,0.4,35.06,0.7,0.295,3.58,0.275,5.8,,
48,AM Peak,Local,444,17.9,0.865,5.32,4.6018,5,2.5,34.04,1.3,0.242,0.4,35.06,1,0.33,3.58,0.275,5.8,,
48,Midday,Local,530,17.9,0.849,2.567,2.179383,3,6,34.04,1.3,0.22,0.4,35.06,0.7,0.3,3.58,0.275,5.8,,
48,PM Peak,Local,546,17.9,0.944,5.228,4.935232,5,3.5,34.04,1.3,0.242,0.4,35.06,1,0.33,3.58,0.275,5.8,,
48,Evening,Local,142,17.9,0.754,2,1.508,2,4.5,34.04,1.3,0.22,0.4,35.06,0.7,0.3,3.58,0.275,5.8,,
48,Night,Local,38,17.9,0.561,0.3,0.1683,1,4,34.04,1.3,0.198,0.4,35.06,0.7,0.295,3.58,0.275,5.8,,
49,Early AM,Local,7,7.7,0.233,0.286,0.066638,1,3.5,34.04,1.3,0.198,0.4,35.06,0.7,0.295,1.54,0.275,5.8,,
49,AM Peak,Local,92,7.7,0.248,1.84,0.45632,1,2.5,34.04,1.3,0.242,0.4,35.06,1,0.33,1.54,0.275,5.8,,
49,Midday,Local,55,7.7,0.234,0.867,0.202878,1,6,34.04,1.3,0.22,0.4,35.06,0.7,0.3,1.54,0.275,5.8,,
49,PM Peak,Local,101,7.7,0.247,2.629,0.649363,1,3.5,34.04,1.3,0.242,0.4,35.06,1,0.33,1.54,0.275,5.8,,
49,Evening,Local,21,7.7,0.233,0.556,0.129548,1,4.5,34.04,1.3,0.22,0.4,35.06,0.7,0.3,1.54,0.275,5.8,,
49,Night,Local,6,7.7,0,0,0,0,4,34.04,1.3,0.198,0.4,35.06,0.7,0.295,1.54,0.275,5.8,,
50,Early AM,Cancelled ,16,,,,,,,,,,,,,,,,,,
50,AM Peak,Cancelled ,216,,,,,,,,,,,,,,,,,,
50,Midday,Cancelled ,248,,,,,,,,,,,,,,,,,,
50,PM Peak,Cancelled ,233,,,,,,,,,,,,,,,,,,
50,Evening,Cancelled ,71,,,,,,,,,,,,,,,,,,
50,Night,Cancelled ,0,,,,,,,,,,,,,,,,,,
51,Early AM,Local,33,16.0,0.65,0.286,0.1859,1,3.5,34.04,1.3,0.198,0.4,35.06,0.7,0.295,3.2,0.275,5.8,,
51,AM Peak,Local,521,16.0,0.735,2.4,1.764,2,2.5,34.04,1.3,0.242,0.4,35.06,1,0.33,3.2,0.275,5.8,,
51,Midday,Local,738,16.0,0.759,2.383,1.808697,2,6,34.04,1.3,0.22,0.4,35.06,0.7,0.3,3.2,0.275,5.8,,
51,PM Peak,Local,529,16.0,0.773,2.657,2.053861,3,3.5,34.04,1.3,0.242,0.4,35.06,1,0.33,3.2,0.275,5.8,,
51,Evening,Local,148,16.0,0.647,2.089,1.351583,2,4.5,34.04,1.3,0.22,0.4,35.06,0.7,0.3,3.2,0.275,5.8,,
51,Night,Local,56,16.0,0.617,0.25,0.15425,1,4,34.04,1.3,0.198,0.4,35.06,0.7,0.295,3.2,0.275,5.8,,
53,Early AM,Local,38,16.3,0.409,0.743,0.303887,1,3.5,34.04,1.3,0.198,0.4,35.06,0.7,0.295,3.26,0.275,5.8,,
53,AM Peak,Local,328,16.3,0.571,5.96,3.40316,4,2.5,34.04,1.3,0.242,0.4,35.06,1,0.33,3.26,0.275,5.8,,
53,Midday,Local,462,16.3,0.614,2.6,1.5964,2,6,34.04,1.3,0.22,0.4,35.06,0.7,0.3,3.26,0.275,5.8,,
53,PM Peak,Local,362,16.3,0.702,5.314,3.730428,4,3.5,34.04,1.3,0.242,0.4,35.06,1,0.33,3.26,0.275,5.8,,
53,Evening,Local,129,16.3,0.57,2.156,1.22892,2,4.5,34.04,1.3,0.22,0.4,35.06,0.7,0.3,3.26,0.275,5.8,,
53,Night,Local,84,16.3,0.523,0.7,0.3661,1,4,34.04,1.3,0.198,0.4,35.06,0.7,0.295,3.26,0.275,5.8,,
54,Early AM,Cancelled ,0,,,,,,,,,,,,,,,,,,
54,AM Peak,Cancelled ,18,,,,,,,,,,,,,,,,,,
54,Midday,Cancelled ,22,,,,,,,,,,,,,,,,,,
54,PM Peak,Cancelled ,12,,,,,,,,,,,,,,,,,,
54,Evening,Cancelled ,4,,,,,,,,,,,,,,,,,,
54,Night,Cancelled ,1,,,,,,,,,,,,,,,,,,
55,Early AM,Cancelled ,61,,,,,,,,,,,,,,,,,,
55,AM Peak,Cancelled ,835,,,,,,,,,,,,,,,,,,
55,Midday,Cancelled ,1410,,,,,,,,,,,,,,,,,,
55,PM Peak,Cancelled ,740,,,,,,,,,,,,,,,,,,
55,Evening,Cancelled ,250,,,,,,,,,,,,,,,,,,
55,Night,Cancelled ,62,,,,,,,,,,,,,,,,,,
56,Early AM,Local,19,12.3,0.45,0.571,0.25695,1,3.5,34.04,1.3,0.198,0.4,35.06,0.7,0.295,2.46,0.275,5.8,,
56,AM Peak,Local,391,12.3,0.525,5.96,3.129,4,2.5,34.04,1.3,0.242,0.4,35.06,1,0.33,2.46,0.275,5.8,,
56,Midday,Local,213,12.3,0.307,2.517,0.772719,1,6,34.04,1.3,0.22,0.4,35.06,0.7,0.3,2.46,0.275,5.8,,
56,PM Peak,Local,319,12.3,0.592,5.228,3.094976,4,3.5,34.04,1.3,0.242,0.4,35.06,1,0.33,2.46,0.275,5.8,,
56,Evening,Local,21,12.3,0.154,2.222,0.342188,1,4.5,34.04,1.3,0.22,0.4,35.06,0.7,0.3,2.46,0.275,5.8,,
56,Night,Local,10,12.3,0.101,1.175,0.118675,1,4,34.04,1.3,0.198,0.4,35.06,0.7,0.295,2.46,0.275,5.8,,
57,Early AM,Frequent ,126,25.9,0.622,1.372,0.853384,1,3.5,34.04,1.3,0.198,0.4,35.06,0.7,0.295,5.18,0.275,5.8,,
57,AM Peak,Frequent ,623,25.9,0.904,3.44,3.10976,4,2.5,34.04,1.3,0.242,0.4,35.06,1,0.33,5.18,0.275,5.8,,
57,Midday,Frequent ,979,25.9,0.908,2.25,2.043,3,6,34.04,1.3,0.22,0.4,35.06,0.7,0.3,5.18,0.275,5.8,,
57,PM Peak,Frequent ,903,25.9,0.961,3.486,3.350046,4,3.5,34.04,1.3,0.242,0.4,35.06,1,0.33,5.18,0.275,5.8,,
57,Evening,Frequent ,386,25.9,0.785,2.333,1.831405,2,4.5,34.04,1.3,0.22,0.4,35.06,0.7,0.3,5.18,0.275,5.8,,
57,Night,Frequent ,278,25.9,0.628,1.875,1.1775,2,4,34.04,1.3,0.198,0.4,35.06,0.7,0.295,5.18,0.275,5.8,,
58,Early AM,Local,2,19.2,0.417,0.286,0.119262,1,3.5,34.04,1.3,0.198,0.4,35.06,0.7,0.295,3.84,0.275,5.8,,
58,AM Peak,Local,254,19.2,0.567,2.4,1.3608,2,2.5,34.04,1.3,0.242,0.4,35.06,1,0.33,3.84,0.275,5.8,,
58,Midday,Local,335,19.2,0.729,2.483,1.810107,2,6,34.04,1.3,0.22,0.4,35.06,0.7,0.3,3.84,0.275,5.8,,
58,PM Peak,Local,267,19.2,0.51,2.886,1.47186,2,3.5,34.04,1.3,0.242,0.4,35.06,1,0.33,3.84,0.275,5.8,,
58,Evening,Local,107,19.2,0.244,1.889,0.460916,1,4.5,34.04,1.3,0.22,0.4,35.06,0.7,0.3,3.84,0.275,5.8,,
58,Night,Local,40,19.2,0.208,0.25,0.052,1,4,34.04,1.3,0.198,0.4,35.06,0.7,0.295,3.84,0.275,5.8,,
61,Early AM,Frequent,110,43.8,1.027,1.714,1.760278,2,3.5,34.04,1.3,0.198,0.4,35.06,0.7,0.295,8.76,0.275,5.8,,
61,AM Peak,Frequent,691,43.8,1.063,3.96,4.20948,5,2.5,34.04,1.3,0.242,0.4,35.06,1,0.33,8.76,0.275,5.8,,
61,Midday,Frequent,1051,43.8,0.982,3.917,3.846494,4,6,34.04,1.3,0.22,0.4,35.06,0.7,0.3,8.76,0.275,5.8,,
61,PM Peak,Frequent,844,43.8,1.04,5.4,5.616,6,3.5,34.04,1.3,0.242,0.4,35.06,1,0.33,8.76,0.275,5.8,,
61,Evening,Frequent,315,43.8,1.059,2.378,2.518302,3,4.5,34.04,1.3,0.22,0.4,35.06,0.7,0.3,8.76,0.275,5.8,,
61,Night,Frequent,202,43.8,0.955,2.25,2.14875,3,4,34.04,1.3,0.198,0.4,35.06,0.7,0.295,8.76,0.275,5.8,,
62,Early AM,Frequent,0,38,1.023,0.571,0.584133,1,3.5,34.04,1.3,0.198,0.4,35.06,0.7,0.295,7.6,0.275,5.8,,
62,AM Peak,Frequent,388,38,1.086,2.6,2.8236,3,2.5,34.04,1.3,0.242,0.4,35.06,1,0.33,7.6,0.275,5.8,,
62,Midday,Frequent,843,38,1.116,2.5,2.79,3,6,34.04,1.3,0.22,0.4,35.06,0.7,0.3,7.6,0.275,5.8,,
62,PM Peak,Frequent,551,38,1.202,3.114,3.743028,4,3.5,34.04,1.3,0.242,0.4,35.06,1,0.33,7.6,0.275,5.8,,
62,Evening,Frequent,242,38,1.039,2.244,2.331516,3,4.5,34.04,1.3,0.22,0.4,35.06,0.7,0.3,7.6,0.275,5.8,,
62,Night,Frequent,130,38,1.063,0.625,0.664375,1,4,34.04,1.3,0.198,0.4,35.06,0.7,0.295,7.6,0.275,5.8,,
63,Early AM,Frequent,90,34.1,0.92,1.457,1.34044,2,3.5,34.04,1.3,0.198,0.4,35.06,0.7,0.295,6.82,0.275,5.8,,
63,AM Peak,Frequent,500,34.1,1.048,4.84,5.07232,6,2.5,34.04,1.3,0.242,0.4,35.06,1,0.33,6.82,0.275,5.8,,
63,Midday,Frequent,524,34.1,0.98,2.467,2.41766,3,6,34.04,1.3,0.22,0.4,35.06,0.7,0.3,6.82,0.275,5.8,,
63,PM Peak,Frequent,598,34.1,1.037,4.829,5.007673,6,3.5,34.04,1.3,0.242,0.4,35.06,1,0.33,6.82,0.275,5.8,,
63,Evening,Frequent,191,34.1,0.969,2.467,2.390523,3,4.5,34.04,1.3,0.22,0.4,35.06,0.7,0.3,6.82,0.275,5.8,,
63,Night,Frequent,78,34.1,0.955,0.675,0.644625,1,4,34.04,1.3,0.198,0.4,35.06,0.7,0.295,6.82,0.275,5.8,,
64,Early AM,Cancelled ,34,,,,,,,,,,,,,,,,,,
64,AM Peak,Cancelled ,404,,,,,,,,,,,,,,,,,,
64,Midday,Cancelled ,420,,,,,,,,,,,,,,,,,,
64,PM Peak,Cancelled ,367,,,,,,,,,,,,,,,,,,
64,Evening,Cancelled ,156,,,,,,,,,,,,,,,,,,
64,Night,Cancelled ,54,,,,,,,,,,,,,,,,,,
66,Early AM,Local,28,26.3,0.792,0.571,0.452232,1,3.5,34.04,1.3,0.198,0.4,35.06,0.7,0.295,5.26,0.275,5.8,,
66,AM Peak,Local,210,26.3,0.783,2.96,2.31768,3,2.5,34.04,1.3,0.242,0.4,35.06,1,0.33,5.26,0.275,5.8,,
66,Midday,Local,50,26.3,0.733,0.25,0.18325,1,6,34.04,1.3,0.22,0.4,35.06,0.7,0.3,5.26,0.275,5.8,,
66,PM Peak,Local,208,26.3,0.737,3.6,2.6532,3,3.5,34.04,1.3,0.242,0.4,35.06,1,0.33,5.26,0.275,5.8,,
66,Evening,Local,14,26.3,0,0,0,0,4.5,34.04,1.3,0.22,0.4,35.06,0.7,0.3,5.26,0.275,5.8,,
66,Night,Local,0,26.3,0,0,0,0,4,34.04,1.3,0.198,0.4,35.06,0.7,0.295,5.26,0.275,5.8,,
67,Early AM,Local,14,29.9,0.875,0.628,0.5495,1,3.5,34.04,1.3,0.198,0.4,35.06,0.7,0.295,5.98,0.275,5.8,,
67,AM Peak,Local,181,29.9,0.558,3.16,1.76328,2,2.5,34.04,1.3,0.242,0.4,35.06,1,0.33,5.98,0.275,5.8,,
67,Midday,Local,115,29.9,0.331,2.466,0.816246,1,6,34.04,1.3,0.22,0.4,35.06,0.7,0.3,5.98,0.275,5.8,,
67,PM Peak,Local,124,29.9,0.553,3,1.659,2,3.5,34.04,1.3,0.242,0.4,35.06,1,0.33,5.98,0.275,5.8,,
67,Evening,Local,30,29.9,0.378,1.155,0.43659,1,4.5,34.04,1.3,0.22,0.4,35.06,0.7,0.3,5.98,0.275,5.8,,
67,Night,Local,0,29.9,0,0,0,0,4,34.04,1.3,0.198,0.4,35.06,0.7,0.295,5.98,0.275,5.8,,
73,Early AM,Local,38,30.8,0.583,0.714,0.416262,1,3.5,34.04,1.3,0.198,0.4,35.06,0.7,0.295,6.16,0.275,5.8,,
73,AM Peak,Local,103,30.8,0.682,2.44,1.66408,2,2.5,34.04,1.3,0.242,0.4,35.06,1,0.33,6.16,0.275,5.8,,
73,Midday,Local,41,30.8,0.336,1.917,0.644112,1,6,34.04,1.3,0.22,0.4,35.06,0.7,0.3,6.16,0.275,5.8,,
73,PM Peak,Local,168,30.8,0.684,2.086,1.426824,2,3.5,34.04,1.3,0.242,0.4,35.06,1,0.33,6.16,0.275,5.8,,
73,Evening,Local,43,30.8,0.299,1.667,0.498433,1,4.5,34.04,1.3,0.22,0.4,35.06,0.7,0.3,6.16,0.275,5.8,,
73,Night,Local,0,30.8,0,0,0,0,4,34.04,1.3,0.198,0.4,35.06,0.7,0.295,6.16,0.275,5.8,,
74,Early AM,Frequent,39,25.7,0.727,0.714,0.519078,1,3.5,34.04,1.3,0.198,0.4,35.06,0.7,0.295,5.14,0.275,5.8,,
74,AM Peak,Frequent,601,25.7,0.918,4.52,4.14936,5,2.5,34.04,1.3,0.242,0.4,35.06,1,0.33,5.14,0.275,5.8,,
74,Midday,Frequent,1755,25.7,0.893,4.483,4.003319,5,6,34.04,1.3,0.22,0.4,35.06,0.7,0.3,5.14,0.275,5.8,,
74,PM Peak,Frequent,895,25.7,0.947,6.2,5.8714,6,3.5,34.04,1.3,0.242,0.4,35.06,1,0.33,5.14,0.275,5.8,,
74,Evening,Frequent,507,25.7,0.733,1.978,1.449874,2,4.5,34.04,1.3,0.22,0.4,35.06,0.7,0.3,5.14,0.275,5.8,,
74,Night,Frequent,130,25.7,0.312,0.525,0.1638,1,4,34.04,1.3,0.198,0.4,35.06,0.7,0.295,5.14,0.275,5.8,,
75,Early AM,Frequent,308,34.2,0.849,2.8,2.3772,3,3.5,34.04,1.3,0.198,0.4,35.06,0.7,0.295,6.84,0.275,5.8,,
75,AM Peak,Frequent,1541,34.2,0.848,7.48,6.34304,7,2.5,34.04,1.3,0.242,0.4,35.06,1,0.33,6.84,0.275,5.8,,
75,Midday,Frequent,2521,34.2,0.899,4.916,4.419484,5,6,34.04,1.3,0.22,0.4,35.06,0.7,0.3,6.84,0.275,5.8,,
75,PM Peak,Frequent,2291,34.2,0.874,9.086,7.941164,8,3.5,34.04,1.3,0.242,0.4,35.06,1,0.33,6.84,0.275,5.8,,
75,Evening,Frequent,924,34.2,0.797,4.356,3.471732,4,4.5,34.04,1.3,0.22,0.4,35.06,0.7,0.3,6.84,0.275,5.8,,
75,Night,Frequent,487,34.2,0.854,2.4,2.0496,3,4,34.04,1.3,0.198,0.4,35.06,0.7,0.295,6.84,0.275,5.8,,
80,Early AM,Frequent,194,21.7,0.679,1.571,1.066709,2,3.5,34.04,1.3,0.198,0.4,35.06,0.7,0.295,4.34,0.275,5.8,,
80,AM Peak,Frequent,1041,21.7,0.922,4.8,4.4256,5,2.5,34.04,1.3,0.242,0.4,35.06,1,0.33,4.34,0.275,5.8,,
80,Midday,Frequent,2035,21.7,0.908,4.9,4.4492,5,6,34.04,1.3,0.22,0.4,35.06,0.7,0.3,4.34,0.275,5.8,,
80,PM Peak,Frequent,1163,21.7,1.048,5.314,5.569072,6,3.5,34.04,1.3,0.242,0.4,35.06,1,0.33,4.34,0.275,5.8,,
80,Evening,Frequent,492,21.7,0.903,2.555,2.307165,3,4.5,34.04,1.3,0.22,0.4,35.06,0.7,0.3,4.34,0.275,5.8,,
80,Night,Frequent,194,21.7,0.825,0.5,0.4125,1,4,34.04,1.3,0.198,0.4,35.06,0.7,0.295,4.34,0.275,5.8,,
81,Early AM,Local,0,20.4,0.883,0.429,0.378807,1,3.5,34.04,1.3,0.198,0.4,35.06,0.7,0.295,4.08,0.275,5.8,,
81,AM Peak,Local,148,20.4,0.893,2.96,2.64328,3,2.5,34.04,1.3,0.242,0.4,35.06,1,0.33,4.08,0.275,5.8,,
81,Midday,Local,300,20.4,0.883,2.483,2.192489,3,6,34.04,1.3,0.22,0.4,35.06,0.7,0.3,4.08,0.275,5.8,,
81,PM Peak,Local,208,20.4,1.013,2.857,2.894141,3,3.5,34.04,1.3,0.242,0.4,35.06,1,0.33,4.08,0.275,5.8,,
81,Evening,Local,100,20.4,0.833,2.067,1.721811,2,4.5,34.04,1.3,0.22,0.4,35.06,0.7,0.3,4.08,0.275,5.8,,
81,Night,Local,4,20.4,0.799,0.4,0.3196,1,4,34.04,1.3,0.198,0.4,35.06,0.7,0.295,4.08,0.275,5.8,,
82,Early AM,Local,78,24.2,0.73,0.714,0.52122,1,3.5,34.04,1.3,0.198,0.4,35.06,0.7,0.295,4.84,0.275,5.8,,
82,AM Peak,Local,504,24.2,0.751,3.2,2.4032,3,2.5,34.04,1.3,0.242,0.4,35.06,1,0.33,4.84,0.275,5.8,,
82,Midday,Local,628,24.2,0.664,2.633,1.748312,2,6,34.04,1.3,0.22,0.4,35.06,0.7,0.3,4.84,0.275,5.8,,
82,PM Peak,Local,597,24.2,0.791,3.6,2.8476,3,3.5,34.04,1.3,0.242,0.4,35.06,1,0.33,4.84,0.275,5.8,,
82,Evening,Local,216,24.2,0.61,2.111,1.28771,2,4.5,34.04,1.3,0.22,0.4,35.06,0.7,0.3,4.84,0.275,5.8,,
82,Night,Local,119,24.2,0.513,0.275,0.141075,1,4,34.04,1.3,0.198,0.4,35.06,0.7,0.295,4.84,0.275,5.8,,
83,Early AM,Cancelled ,16,,,,,,,,,,,,,,,,,,
83,AM Peak,Cancelled ,187,,,,,,,,,,,,,,,,,,
83,Midday,Cancelled ,260,,,,,,,,,,,,,,,,,,
83,PM Peak,Cancelled ,167,,,,,,,,,,,,,,,,,,
83,Evening,Cancelled ,58,,,,,,,,,,,,,,,,,,
83,Night,Cancelled ,13,,,,,,,,,,,,,,,,,,
84,Early AM,Local,3,2.8,0.108,0.286,0.030888,1,3.5,34.04,1.3,0.198,0.4,35.06,0.7,0.295,0.56,0.275,5.8,,
84,AM Peak,Local,42,2.8,0.142,0.8,0.1136,1,2.5,34.04,1.3,0.242,0.4,35.06,1,0.33,0.56,0.275,5.8,,
84,Midday,Local,21,2.8,0,0,0,0,6,34.04,1.3,0.22,0.4,35.06,0.7,0.3,0.56,0.275,5.8,,
84,PM Peak,Local,30,2.8,0.133,0.857,0.113981,1,3.5,34.04,1.3,0.242,0.4,35.06,1,0.33,0.56,0.275,5.8,,
84,Evening,Local,9,2.8,0,0,0,0,4.5,34.04,1.3,0.22,0.4,35.06,0.7,0.3,0.56,0.275,5.8,,
84,Night,Local,1,2.8,0,0,0,0,4,34.04,1.3,0.198,0.4,35.06,0.7,0.295,0.56,0.275,5.8,,
85,Early AM,Frequent ,306,18.5,0.829,1.943,1.610747,2,3.5,34.04,1.3,0.198,0.4,35.06,0.7,0.295,3.7,0.275,5.8,,
85,AM Peak,Frequent ,1369,18.5,1.013,5.36,5.42968,6,2.5,34.04,1.3,0.242,0.4,35.06,1,0.33,3.7,0.275,5.8,,
85,Midday,Frequent ,2870,18.5,1.026,5.067,5.198742,6,6,34.04,1.3,0.22,0.4,35.06,0.7,0.3,3.7,0.275,5.8,,
85,PM Peak,Frequent ,1822,18.5,1.111,5.457,6.062727,7,3.5,34.04,1.3,0.242,0.4,35.06,1,0.33,3.7,0.275,5.8,,
85,Evening,Frequent ,664,18.5,0.872,2.4,2.0928,3,4.5,34.04,1.3,0.22,0.4,35.06,0.7,0.3,3.7,0.275,5.8,,
85,Night,Frequent ,273,18.5,0.755,0.975,0.736125,1,4,34.04,1.3,0.198,0.4,35.06,0.7,0.295,3.7,0.275,5.8,,
86,Early AM,Local ,69,11.6,0.436,1.057,0.460852,1,3.5,34.04,1.3,0.198,0.4,35.06,0.7,0.295,2.32,0.275,5.8,,
86,AM Peak,Local ,544,11.6,0.477,5,2.385,3,2.5,34.04,1.3,0.242,0.4,35.06,1,0.33,2.32,0.275,5.8,,
86,Midday,Local ,745,11.6,0.524,2.667,1.397508,2,6,34.04,1.3,0.22,0.4,35.06,0.7,0.3,2.32,0.275,5.8,,
86,PM Peak,Local ,666,11.6,0.508,5.428,2.757424,3,3.5,34.04,1.3,0.242,0.4,35.06,1,0.33,2.32,0.275,5.8,,
86,Evening,Local ,267,11.6,0.492,2.222,1.093224,2,4.5,34.04,1.3,0.22,0.4,35.06,0.7,0.3,2.32,0.275,5.8,,
86,Night,Local ,134,11.6,0.472,0.4,0.1888,1,4,34.04,1.3,0.198,0.4,35.06,0.7,0.295,2.32,0.275,5.8,,
87,Early AM,Frequent ,9,9.3,0.25,0.429,0.10725,1,3.5,34.04,1.3,0.198,0.4,35.06,0.7,0.295,1.86,0.275,5.8,,
87,AM Peak,Frequent ,262,9.3,0.399,4.64,1.85136,2,2.5,34.04,1.3,0.242,0.4,35.06,1,0.33,1.86,0.275,5.8,,
87,Midday,Frequent ,644,9.3,0.48,4.366,2.09568,3,6,34.04,1.3,0.22,0.4,35.06,0.7,0.3,1.86,0.275,5.8,,
87,PM Peak,Frequent ,431,9.3,0.541,5.228,2.828348,3,3.5,34.04,1.3,0.242,0.4,35.06,1,0.33,1.86,0.275,5.8,,
87,Evening,Frequent ,137,9.3,0.452,1.623,0.733596,1,4.5,34.04,1.3,0.22,0.4,35.06,0.7,0.3,1.86,0.275,5.8,,
87,Night,Frequent ,16,9.3,0,0,0,0,4,34.04,1.3,0.198,0.4,35.06,0.7,0.295,1.86,0.275,5.8,,
88,Early AM,Frequent ,324,19.8,0.702,2.086,1.464372,2,3.5,34.04,1.3,0.198,0.4,35.06,0.7,0.295,3.96,0.275,5.8,,
88,AM Peak,Frequent ,2214,19.8,0.814,7.8,6.3492,7,2.5,34.04,1.3,0.242,0.4,35.06,1,0.33,3.96,0.275,5.8,,
88,Midday,Frequent ,4712,19.8,0.726,5.3,3.8478,4,6,34.04,1.3,0.22,0.4,35.06,0.7,0.3,3.96,0.275,5.8,,
88,PM Peak,Frequent ,3050,19.8,0.884,8.6,7.6024,8,3.5,34.04,1.3,0.242,0.4,35.06,1,0.33,3.96,0.275,5.8,,
88,Evening,Frequent ,1596,19.8,0.715,3.622,2.58973,3,4.5,34.04,1.3,0.22,0.4,35.06,0.7,0.3,3.96,0.275,5.8,,
88,Night,Frequent ,675,19.8,0.664,1.2,0.7968,1,4,34.04,1.3,0.198,0.4,35.06,0.7,0.295,3.96,0.275,5.8,,
89,Early AM,Cancelled ,61,,,,,,,,,,,,,,,,,,
89,AM Peak,Cancelled ,383,,,,,,,,,,,,,,,,,,
89,Midday,Cancelled ,469,,,,,,,,,,,,,,,,,,
89,PM Peak,Cancelled ,455,,,,,,,,,,,,,,,,,,
89,Evening,Cancelled ,153,,,,,,,,,,,,,,,,,,
89,Night,Cancelled ,82,,,,,,,,,,,,,,,,,,
90,Early AM,Frequent,86,17.4,0.521,1,0.521,1,3.5,34.04,1.3,0.198,0.4,35.06,0.7,0.295,3.48,0.275,5.8,,
90,AM Peak,Frequent,751,17.4,0.663,5.8,3.8454,4,2.5,34.04,1.3,0.242,0.4,35.06,1,0.33,3.48,0.275,5.8,,
90,Midday,Frequent,1363,17.4,0.685,4.584,3.14004,4,6,34.04,1.3,0.22,0.4,35.06,0.7,0.3,3.48,0.275,5.8,,
90,PM Peak,Frequent,894,17.4,0.735,5.2,3.822,4,3.5,34.04,1.3,0.242,0.4,35.06,1,0.33,3.48,0.275,5.8,,
90,Evening,Frequent,316,17.4,0.661,2.4,1.5864,2,4.5,34.04,1.3,0.22,0.4,35.06,0.7,0.3,3.48,0.275,5.8,,
90,Night,Frequent,187,17.4,0.545,0.675,0.367875,1,4,34.04,1.3,0.198,0.4,35.06,0.7,0.295,3.48,0.275,5.8,,
92,Early AM,Local,35,20.5,0.667,0.286,0.190762,1,3.5,34.04,1.3,0.198,0.4,35.06,0.7,0.295,4.1,0.275,5.8,,
92,AM Peak,Local,357,20.5,0.702,1.68,1.17936,2,2.5,34.04,1.3,0.242,0.4,35.06,1,0.33,4.1,0.275,5.8,,
92,Midday,Local,475,20.5,0.378,1.083,0.409374,1,6,34.04,1.3,0.22,0.4,35.06,0.7,0.3,4.1,0.275,5.8,,
92,PM Peak,Local,286,20.5,0.674,1.914,1.290036,2,3.5,34.04,1.3,0.242,0.4,35.06,1,0.33,4.1,0.275,5.8,,
92,Evening,Local,180,20.5,0.324,1,0.324,1,4.5,34.04,1.3,0.22,0.4,35.06,0.7,0.3,4.1,0.275,5.8,,
92,Night,Local,91,20.5,0.3,0.25,0.075,1,4,34.04,1.3,0.198,0.4,35.06,0.7,0.295,4.1,0.275,5.8,,
93,Early AM,Local,82,12.5,0.243,0.714,0.173502,1,3.5,34.04,1.3,0.198,0.4,35.06,0.7,0.295,2.5,0.275,5.8,,
93,AM Peak,Local,670,12.5,0.256,2.24,0.57344,1,2.5,34.04,1.3,0.242,0.4,35.06,1,0.33,2.5,0.275,5.8,,
93,Midday,Local,626,12.5,0.251,2.483,0.623233,1,6,34.04,1.3,0.22,0.4,35.06,0.7,0.3,2.5,0.275,5.8,,
93,PM Peak,Local,864,12.5,0.264,3.2,0.8448,1,3.5,34.04,1.3,0.242,0.4,35.06,1,0.33,2.5,0.275,5.8,,
93,Evening,Local,235,12.5,0.23,2.245,0.51635,1,4.5,34.04,1.3,0.22,0.4,35.06,0.7,0.3,2.5,0.275,5.8,,
93,Night,Local,81,12.5,0.24,0.3,0.072,1,4,34.04,1.3,0.198,0.4,35.06,0.7,0.295,2.5,0.275,5.8,,
96,Early AM,Cancelled ,38,,,,,,,,,,,,,,,,,,
96,AM Peak,Cancelled ,182,,,,,,,,,,,,,,,,,,
96,Midday,Cancelled ,148,,,,,,,,,,,,,,,,,,
96,PM Peak,Cancelled ,267,,,,,,,,,,,,,,,,,,
96,Evening,Cancelled ,58,,,,,,,,,,,,,,,,,,
96,Night,Cancelled ,7,,,,,,,,,,,,,,,,,,
97,Early AM,Cancelled ,89,,,,,,,,,,,,,,,,,,
97,AM Peak,Cancelled ,375,,,,,,,,,,,,,,,,,,
97,Midday,Cancelled ,1023,,,,,,,,,,,,,,,,,,
97,PM Peak,Cancelled ,602,,,,,,,,,,,,,,,,,,
97,Evening,Cancelled ,507,,,,,,,,,,,,,,,,,,
97,Night,Cancelled ,312,,,,,,,,,,,,,,,,,,
98,Early AM,Frequent ,73,16.4,0.409,1.286,0.525974,1,3.5,34.04,1.3,0.198,0.4,35.06,0.7,0.295,3.28,0.275,5.8,,
98,AM Peak,Frequent ,548,16.4,0.438,6.28,2.75064,3,2.5,34.04,1.3,0.242,0.4,35.06,1,0.33,3.28,0.275,5.8,,
98,Midday,Frequent ,1517,16.4,0.565,4.283,2.419895,3,6,34.04,1.3,0.22,0.4,35.06,0.7,0.3,3.28,0.275,5.8,,
98,PM Peak,Frequent ,890,16.4,0.475,6.143,2.917925,3,3.5,34.04,1.3,0.242,0.4,35.06,1,0.33,3.28,0.275,5.8,,
98,Evening,Frequent ,391,16.4,0.506,2.711,1.371766,2,4.5,34.04,1.3,0.22,0.4,35.06,0.7,0.3,3.28,0.275,5.8,,
98,Night,Frequent ,143,16.4,0.446,0.4,0.1784,1,4,34.04,1.3,0.198,0.4,35.06,0.7,0.295,3.28,0.275,5.8,,
99,Early AM,Local,126,18.5,0.498,0.771,0.383958,1,3.5,34.04,1.3,0.198,0.4,35.06,0.7,0.295,3.7,0.275,5.8,,
99,AM Peak,Local,822,18.5,0.562,2.76,1.55112,2,2.5,34.04,1.3,0.242,0.4,35.06,1,0.33,3.7,0.275,5.8,,
99,Midday,Local,659,18.5,0.525,2.534,1.33035,2,6,34.04,1.3,0.22,0.4,35.06,0.7,0.3,3.7,0.275,5.8,,
99,PM Peak,Local,952,18.5,0.597,2.629,1.569513,2,3.5,34.04,1.3,0.242,0.4,35.06,1,0.33,3.7,0.275,5.8,,
99,Evening,Local,242,18.5,0.442,2.178,0.962676,1,4.5,34.04,1.3,0.22,0.4,35.06,0.7,0.3,3.7,0.275,5.8,,
99,Night,Local,57,18.5,0.404,0.4,0.1616,1,4,34.04,1.3,0.198,0.4,35.06,0.7,0.295,3.7,0.275,5.8,,
110,Early AM,Local,55,43.8,1.214,1.486,1.804004,2,3.5,34.04,1.3,0.198,0.4,35.06,0.7,0.295,8.76,0.275,5.8,,
110,AM Peak,Local,301,43.8,1.603,2.44,3.91132,4,2.5,34.04,1.3,0.242,0.4,35.06,1,0.33,8.76,0.275,5.8,,
110,Midday,Local,298,43.8,1.53,2.1,3.213,4,6,34.04,1.3,0.22,0.4,35.06,0.7,0.3,8.76,0.275,5.8,,
110,PM Peak,Local,252,43.8,1.614,2.686,4.335204,5,3.5,34.04,1.3,0.242,0.4,35.06,1,0.33,8.76,0.275,5.8,,
110,Evening,Local,185,43.8,1.415,0.889,1.257935,2,4.5,34.04,1.3,0.22,0.4,35.06,0.7,0.3,8.76,0.275,5.8,,
110,Night,Local,0,43.8,0,0,0,0,4,34.04,1.3,0.198,0.4,35.06,0.7,0.295,8.76,0.275,5.8,,
111,Early AM,Frequent ,93,14.7,0.411,1.172,0.481692,1,3.5,34.04,1.3,0.198,0.4,35.06,0.7,0.295,2.94,0.275,5.8,,
111,AM Peak,Frequent ,1244,14.7,0.501,5.52,2.76552,3,2.5,34.04,1.3,0.242,0.4,35.06,1,0.33,2.94,0.275,5.8,,
111,Midday,Frequent ,2315,14.7,0.506,4.716,2.386296,3,6,34.04,1.3,0.22,0.4,35.06,0.7,0.3,2.94,0.275,5.8,,
111,PM Peak,Frequent ,1323,14.7,0.599,4.343,2.601457,3,3.5,34.04,1.3,0.242,0.4,35.06,1,0.33,2.94,0.275,5.8,,
111,Evening,Frequent ,789,14.7,0.456,4.067,1.854552,2,4.5,34.04,1.3,0.22,0.4,35.06,0.7,0.3,2.94,0.275,5.8,,
111,Night,Frequent ,303,14.7,0.351,0.775,0.272025,1,4,34.04,1.3,0.198,0.4,35.06,0.7,0.295,2.94,0.275,5.8,,
114,Early AM,Cancelled ,0,,,,,,,,,,,,,,,,,,
114,AM Peak,Cancelled ,0,,,,,,,,,,,,,,,,,,
114,Midday,Cancelled ,49,,,,,,,,,,,,,,,,,,
114,PM Peak,Cancelled ,0,,,,,,,,,,,,,,,,,,
114,Evening,Cancelled ,0,,,,,,,,,,,,,,,,,,
114,Night,Cancelled ,0,,,,,,,,,,,,,,,,,,
131,Early AM,Cancelled ,14,,,,,,,,,,,,,,,,,,
131,AM Peak,Cancelled ,173,,,,,,,,,,,,,,,,,,
131,Midday,Cancelled ,390,,,,,,,,,,,,,,,,,,
131,PM Peak,Cancelled ,186,,,,,,,,,,,,,,,,,,
131,Evening,Cancelled ,85,,,,,,,,,,,,,,,,,,
131,Night,Cancelled ,42,,,,,,,,,,,,,,,,,,
138,Early AM,Local,6,7.1,0.332,0.429,0.142428,1,3.5,34.04,1.3,0.198,0.4,35.06,0.7,0.295,1.42,0.275,5.8,,
138,AM Peak,Local,138,7.1,0.356,2.24,0.79744,1,2.5,34.04,1.3,0.242,0.4,35.06,1,0.33,1.42,0.275,5.8,,
138,Midday,Local,128,7.1,0.308,1.183,0.364364,1,6,34.04,1.3,0.22,0.4,35.06,0.7,0.3,1.42,0.275,5.8,,
138,PM Peak,Local,110,7.1,0.371,2.372,0.880012,1,3.5,34.04,1.3,0.242,0.4,35.06,1,0.33,1.42,0.275,5.8,,
138,Evening,Local,45,7.1,0.287,1.111,0.318857,1,4.5,34.04,1.3,0.22,0.4,35.06,0.7,0.3,1.42,0.275,5.8,,
138,Night,Local,18,7.1,0.267,0.25,0.06675,1,4,34.04,1.3,0.198,0.4,35.06,0.7,0.295,1.42,0.275,5.8,,
140,Early AM,Cancelled,0,,,,,,,,,,,,,,,,,,
140,AM Peak,Cancelled,12,,,,,,,,,,,,,,,,,,
140,Midday,Cancelled,159,,,,,,,,,,,,,,,,,,
140,PM Peak,Cancelled,0,,,,,,,,,,,,,,,,,,
140,Evening,Cancelled,0,,,,,,,,,,,,,,,,,,
140,Night,Cancelled,0,,,,,,,,,,,,,,,,,,
141,Early AM,Cancelled,3,,,,,,,,,,,,,,,,,,
141,AM Peak,Cancelled,10,,,,,,,,,,,,,,,,,,
141,Midday,Cancelled,9,,,,,,,,,,,,,,,,,,
141,PM Peak,Cancelled,18,,,,,,,,,,,,,,,,,,
141,Evening,Cancelled,7,,,,,,,,,,,,,,,,,,
141,Night,Cancelled,0,,,,,,,,,,,,,,,,,,
153,Early AM,Local,0,5.2,0,0,0,0,3.5,34.04,1.3,0.198,0.4,35.06,0.7,0.295,1.04,0.275,5.8,,
153,AM Peak,Local,15,5.2,0.258,0.4,0.1032,1,2.5,34.04,1.3,0.242,0.4,35.06,1,0.33,1.04,0.275,5.8,,
153,Midday,Local,124,5.2,0.268,0.85,0.2278,1,6,34.04,1.3,0.22,0.4,35.06,0.7,0.3,1.04,0.275,5.8,,
153,PM Peak,Local,31,5.2,0.279,0.971,0.270909,1,3.5,34.04,1.3,0.242,0.4,35.06,1,0.33,1.04,0.275,5.8,,
153,Evening,Local,12,5.2,0.242,0.222,0.053724,1,4.5,34.04,1.3,0.22,0.4,35.06,0.7,0.3,1.04,0.275,5.8,,
153,Night,Local,0,5.2,0,0,0,0,4,34.04,1.3,0.198,0.4,35.06,0.7,0.295,1.04,0.275,5.8,,
154,Early AM,Cancelled,0,,,,,,,,,,,,,,,,,,
154,AM Peak,Cancelled,4,,,,,,,,,,,,,,,,,,
154,Midday,Cancelled,7,,,,,,,,,,,,,,,,,,
154,PM Peak,Cancelled,0,,,,,,,,,,,,,,,,,,
154,Evening,Cancelled,0,,,,,,,,,,,,,,,,,,
154,Night,Cancelled,0,,,,,,,,,,,,,,,,,,
155,Early AM,Cancelled,1,,,,,,,,,,,,,,,,,,
155,AM Peak,Cancelled,1,,,,,,,,,,,,,,,,,,
155,Midday,Cancelled,2,,,,,,,,,,,,,,,,,,
155,PM Peak,Cancelled,1,,,,,,,,,,,,,,,,,,
155,Evening,Cancelled,0,,,,,,,,,,,,,,,,,,
155,Night,Cancelled,0,,,,,,,,,,,,,,,,,,
158,Early AM,Local,0,8.7,0,0,0,0,3.5,34.04,1.3,0.198,0.4,35.06,0.7,0.295,1.74,0.275,5.8,,
158,AM Peak,Local,8,8.7,0.15,1.36,0.204,1,2.5,34.04,1.3,0.242,0.4,35.06,1,0.33,1.74,0.275,5.8,,
158,Midday,Local,0,8.7,0,0,0,0,6,34.04,1.3,0.22,0.4,35.06,0.7,0.3,1.74,0.275,5.8,,
158,PM Peak,Local,10,8.7,0.15,0.571,0.08565,1,3.5,34.04,1.3,0.242,0.4,35.06,1,0.33,1.74,0.275,5.8,,
158,Evening,Local,0,8.7,0,0,0,0,4.5,34.04,1.3,0.22,0.4,35.06,0.7,0.3,1.74,0.275,5.8,,
158,Night,Local,0,8.7,0,0,0,0,4,34.04,1.3,0.198,0.4,35.06,0.7,0.295,1.74,0.275,5.8,,
161,Early AM,Local,8,19.8,0.579,0.857,0.496203,1,3.5,34.04,1.3,0.198,0.4,35.06,0.7,0.295,3.96,0.275,5.8,,
161,AM Peak,Local,215,19.8,0.599,2.88,1.72512,2,2.5,34.04,1.3,0.242,0.4,35.06,1,0.33,3.96,0.275,5.8,,
161,Midday,Local,195,19.8,0.523,2.283,1.194009,2,6,34.04,1.3,0.22,0.4,35.06,0.7,0.3,3.96,0.275,5.8,,
161,PM Peak,Local,205,19.8,0.654,3.429,2.242566,3,3.5,34.04,1.3,0.242,0.4,35.06,1,0.33,3.96,0.275,5.8,,
161,Evening,Local,35,19.8,0.515,2,1.03,2,4.5,34.04,1.3,0.22,0.4,35.06,0.7,0.3,3.96,0.275,5.8,,
161,Night,Local,22,19.8,0.55,0.25,0.1375,1,4,34.04,1.3,0.198,0.4,35.06,0.7,0.295,3.96,0.275,5.8,,
162,Early AM,Local,0,11.8,0,0,0,0,3.5,34.04,1.3,0.198,0.4,35.06,0.7,0.295,2.36,0.275,5.8,,
162,AM Peak,Local,0,11.8,0.25,2.16,0.54,1,2.5,34.04,1.3,0.242,0.4,35.06,1,0.33,2.36,0.275,5.8,,
162,Midday,Local,19,11.8,0.251,1.3,0.3263,1,6,34.04,1.3,0.22,0.4,35.06,0.7,0.3,2.36,0.275,5.8,,
162,PM Peak,Local,4,11.8,0.296,2.543,0.752728,1,3.5,34.04,1.3,0.242,0.4,35.06,1,0.33,2.36,0.275,5.8,,
162,Evening,Local,7,11.8,0.248,1.156,0.286688,1,4.5,34.04,1.3,0.22,0.4,35.06,0.7,0.3,2.36,0.275,5.8,,
162,Night,Local,6,11.8,0.233,0.25,0.05825,1,4,34.04,1.3,0.198,0.4,35.06,0.7,0.295,2.36,0.275,5.8,,
164,Early AM,Cancelled,4,,,,,,,,,,,,,,,,,,
164,AM Peak,Cancelled,48,,,,,,,,,,,,,,,,,,
164,Midday,Cancelled,13,,,,,,,,,,,,,,,,,,
164,PM Peak,Cancelled,42,,,,,,,,,,,,,,,,,,
164,Evening,Cancelled,13,,,,,,,,,,,,,,,,,,
164,Night,Cancelled,0,,,,,,,,,,,,,,,,,,
165,Early AM,Local,0,25.8,0.256,0.429,0.109824,1,3.5,34.04,1.3,0.198,0.4,35.06,0.7,0.295,5.16,0.275,5.8,,
165,AM Peak,Local,4,25.8,0.267,2.8,0.7476,1,2.5,34.04,1.3,0.242,0.4,35.06,1,0.33,5.16,0.275,5.8,,
165,Midday,Local,37,25.8,0.269,1.534,0.412646,1,6,34.04,1.3,0.22,0.4,35.06,0.7,0.3,5.16,0.275,5.8,,
165,PM Peak,Local,0,25.8,0.277,2.771,0.767567,1,3.5,34.04,1.3,0.242,0.4,35.06,1,0.33,5.16,0.275,5.8,,
165,Evening,Local,11,25.8,0.273,0.933,0.254709,1,4.5,34.04,1.3,0.22,0.4,35.06,0.7,0.3,5.16,0.275,5.8,,
165,Night,Local,4,25.8,0,0,0,0,4,34.04,1.3,0.198,0.4,35.06,0.7,0.295,5.16,0.275,5.8,,
166,Early AM,Cancelled,0,,,,,,,,,,,,,,,,,,
166,AM Peak,Cancelled,6,,,,,,,,,,,,,,,,,,
166,Midday,Cancelled,0,,,,,,,,,,,,,,,,,,
166,PM Peak,Cancelled,8,,,,,,,,,,,,,,,,,,
166,Evening,Cancelled,0,,,,,,,,,,,,,,,,,,
166,Night,Cancelled,0,,,,,,,,,,,,,,,,,,
168,Early AM,Local,18,22.6,0.564,0.743,0.419052,1,3.5,34.04,1.3,0.198,0.4,35.06,0.7,0.295,4.52,0.275,5.8,,
168,AM Peak,Local,442,22.6,0.645,2.44,1.5738,2,2.5,34.04,1.3,0.242,0.4,35.06,1,0.33,4.52,0.275,5.8,,
168,Midday,Local,651,22.6,0.636,2.4,1.5264,2,6,34.04,1.3,0.22,0.4,35.06,0.7,0.3,4.52,0.275,5.8,,
168,PM Peak,Local,229,22.6,0.709,2.686,1.904374,2,3.5,34.04,1.3,0.242,0.4,35.06,1,0.33,4.52,0.275,5.8,,
168,Evening,Local,118,22.6,0.551,1.911,1.052961,2,4.5,34.04,1.3,0.22,0.4,35.06,0.7,0.3,4.52,0.275,5.8,,
168,Night,Local,75,22.6,0.472,0.45,0.2124,1,4,34.04,1.3,0.198,0.4,35.06,0.7,0.295,4.52,0.275,5.8,,
170,Early AM,Cancelled,33,,,,,,,,,,,,,,,,,,
170,AM Peak,Cancelled,208,,,,,,,,,,,,,,,,,,
170,Midday,Cancelled,421,,,,,,,,,,,,,,,,,,
170,PM Peak,Cancelled,209,,,,,,,,,,,,,,,,,,
170,Evening,Cancelled,155,,,,,,,,,,,,,,,,,,
170,Night,Cancelled,56,,,,,,,,,,,,,,,,,,
171,Early AM,Cancelled,15,,,,,,,,,,,,,,,,,,
171,AM Peak,Cancelled,249,,,,,,,,,,,,,,,,,,
171,Midday,Cancelled,412,,,,,,,,,,,,,,,,,,
171,PM Peak,Cancelled,249,,,,,,,,,,,,,,,,,,
171,Evening,Cancelled,37,,,,,,,,,,,,,,,,,,
171,Night,Cancelled,8,,,,,,,,,,,,,,,,,,
173,Early AM,Local,8,12.7,0.442,1.143,0.505206,1,3.5,34.04,1.3,0.198,0.4,35.06,0.7,0.295,2.54,0.275,5.8,,
173,AM Peak,Local,186,12.7,0.52,2.56,1.3312,2,2.5,34.04,1.3,0.242,0.4,35.06,1,0.33,2.54,0.275,5.8,,
173,Midday,Local,359,12.7,0.421,2.35,0.98935,1,6,34.04,1.3,0.22,0.4,35.06,0.7,0.3,2.54,0.275,5.8,,
173,PM Peak,Local,173,12.7,0.532,2.457,1.307124,2,3.5,34.04,1.3,0.242,0.4,35.06,1,0.33,2.54,0.275,5.8,,
173,Evening,Local,11,12.7,0.394,2.089,0.823066,1,4.5,34.04,1.3,0.22,0.4,35.06,0.7,0.3,2.54,0.275,5.8,,
173,Night,Local,0,12.7,0.4,0.25,0.1,1,4,34.04,1.3,0.198,0.4,35.06,0.7,0.295,2.54,0.275,5.8,,
175,Early AM,Cancelled,3,,,,,,,,,,,,,,,,,,
175,AM Peak,Cancelled,25,,,,,,,,,,,,,,,,,,
175,Midday,Cancelled,17,,,,,,,,,,,,,,,,,,
175,PM Peak,Cancelled,44,,,,,,,,,,,,,,,,,,
175,Evening,Cancelled,6,,,,,,,,,,,,,,,,,,
175,Night,Cancelled,1,,,,,,,,,,,,,,,,,,
176,Early AM,Cancelled,5,,,,,,,,,,,,,,,,,,
176,AM Peak,Cancelled,16,,,,,,,,,,,,,,,,,,
176,Midday,Cancelled,0,,,,,,,,,,,,,,,,,,
176,PM Peak,Cancelled,18,,,,,,,,,,,,,,,,,,
176,Evening,Cancelled,4,,,,,,,,,,,,,,,,,,
176,Night,Cancelled,0,,,,,,,,,,,,,,,,,,
186,Early AM,Cancelled,0,,,,,,,,,,,,,,,,,,
186,AM Peak,Cancelled,27,,,,,,,,,,,,,,,,,,
186,Midday,Cancelled,0,,,,,,,,,,,,,,,,,,
186,PM Peak,Cancelled,45,,,,,,,,,,,,,,,,,,
186,Evening,Cancelled,0,,,,,,,,,,,,,,,,,,
186,Night,Cancelled,0,,,,,,,,,,,,,,,,,,
187,Early AM,Local,0,10.4,0,0,0,0,3.5,34.04,1.3,0.198,0.4,35.06,0.7,0.295,2.08,0.275,5.8,,
187,AM Peak,Local,42,10.4,0.35,2.08,0.728,1,2.5,34.04,1.3,0.242,0.4,35.06,1,0.33,2.08,0.275,5.8,,
187,Midday,Local,29,10.4,0.333,0.167,0.055611,1,6,34.04,1.3,0.22,0.4,35.06,0.7,0.3,2.08,0.275,5.8,,
187,PM Peak,Local,18,10.4,0.4,2.628,1.0512,2,3.5,34.04,1.3,0.242,0.4,35.06,1,0.33,2.08,0.275,5.8,,
187,Evening,Local,0,10.4,0,0,0,0,4.5,34.04,1.3,0.22,0.4,35.06,0.7,0.3,2.08,0.275,5.8,,
187,Night,Local,0,10.4,0,0,0,0,4,34.04,1.3,0.198,0.4,35.06,0.7,0.295,2.08,0.275,5.8,,
190,Early AM,Cancelled,0,,,,,,,,,,,,,,,,,,
190,AM Peak,Cancelled,10,,,,,,,,,,,,,,,,,,
190,Midday,Cancelled,12,,,,,,,,,,,,,,,,,,
190,PM Peak,Cancelled,0,,,,,,,,,,,,,,,,,,
190,Evening,Cancelled,0,,,,,,,,,,,,,,,,,,
190,Night,Cancelled,0,,,,,,,,,,,,,,,,,,
197,Early AM,Local,10,12.3,0.483,0.571,0.275793,1,3.5,34.04,1.3,0.198,0.4,35.06,0.7,0.295,2.46,0.275,5.8,,
197,AM Peak,Local,70,12.3,0.547,2.08,1.13776,2,2.5,34.04,1.3,0.242,0.4,35.06,1,0.33,2.46,0.275,5.8,,
197,Midday,Local,52,12.3,0.494,1.2,0.5928,1,6,34.04,1.3,0.22,0.4,35.06,0.7,0.3,2.46,0.275,5.8,,
197,PM Peak,Local,50,12.3,0.526,2.8,1.4728,2,3.5,34.04,1.3,0.242,0.4,35.06,1,0.33,2.46,0.275,5.8,,
197,Evening,Local,11,12.3,0.417,0.711,0.296487,1,4.5,34.04,1.3,0.22,0.4,35.06,0.7,0.3,2.46,0.275,5.8,,
197,Night,Local,0,12.3,0,0,0,0,4,34.04,1.3,0.198,0.4,35.06,0.7,0.295,2.46,0.275,5.8,,
198,Early AM,Local,4,16.8,0.383,0.286,0.109538,1,3.5,34.04,1.3,0.198,0.4,35.06,0.7,0.295,3.36,0.275,5.8,,
198,AM Peak,Local,27,16.8,0.496,1,0.496,1,2.5,34.04,1.3,0.242,0.4,35.06,1,0.33,3.36,0.275,5.8,,
198,Midday,Local,0,16.8,0,0,0,0,6,34.04,1.3,0.22,0.4,35.06,0.7,0.3,3.36,0.275,5.8,,
198,PM Peak,Local,43,16.8,0.536,1.172,0.628192,1,3.5,34.04,1.3,0.242,0.4,35.06,1,0.33,3.36,0.275,5.8,,
198,Evening,Local,3,16.8,0,0,0,0,4.5,34.04,1.3,0.22,0.4,35.06,0.7,0.3,3.36,0.275,5.8,,
198,Night,Local,0,16.8,0,0,0,0,4,34.04,1.3,0.198,0.4,35.06,0.7,0.295,3.36,0.275,5.8,,
199,Early AM,Cancelled,8,,,,,,,,,,,,,,,,,,
199,AM Peak,Cancelled,21,,,,,,,,,,,,,,,,,,
199,Midday,Cancelled,0,,,,,,,,,,,,,,,,,,
199,PM Peak,Cancelled,50,,,,,,,,,,,,,,,,,,
199,Evening,Cancelled,0,,,,,,,,,,,,,,,,,,
199,Night,Cancelled,0,,,,,,,,,,,,,,,,,,
221,Early AM,Connexion,0,30.7,0.417,0.286,0.119262,1,3.5,34.04,1.3,0.198,0.4,35.06,0.7,0.295,6.14,0.275,5.8,,
221,AM Peak,Connexion,53,30.7,0.628,1.68,1.05504,2,2.5,34.04,1.3,0.242,0.4,35.06,1,0.33,6.14,0.275,5.8,,
221,Midday,Connexion,5,30.7,0,0,0,0,6,34.04,1.3,0.22,0.4,35.06,0.7,0.3,6.14,0.275,5.8,,
221,PM Peak,Connexion,27,30.7,0.602,1.429,0.860258,1,3.5,34.04,1.3,0.242,0.4,35.06,1,0.33,6.14,0.275,5.8,,
221,Evening,Connexion,0,30.7,0,0,0,0,4.5,34.04,1.3,0.22,0.4,35.06,0.7,0.3,6.14,0.275,5.8,,
221,Night,Connexion,0,30.7,0,0,0,0,4,34.04,1.3,0.198,0.4,35.06,0.7,0.295,6.14,0.275,5.8,,
222,Early AM,Connexion,6,37.6,0.767,0.571,0.437957,1,3.5,34.04,1.3,0.198,0.4,35.06,0.7,0.295,7.52,0.275,5.8,,
222,AM Peak,Connexion,15,37.6,0.767,0.4,0.3068,1,2.5,34.04,1.3,0.242,0.4,35.06,1,0.33,7.52,0.275,5.8,,
222,Midday,Connexion,0,37.6,0,0,0,0,6,34.04,1.3,0.22,0.4,35.06,0.7,0.3,7.52,0.275,5.8,,
222,PM Peak,Connexion,21,37.6,0.783,1.486,1.163538,2,3.5,34.04,1.3,0.242,0.4,35.06,1,0.33,7.52,0.275,5.8,,
222,Evening,Connexion,0,37.6,0,0,0,0,4.5,34.04,1.3,0.22,0.4,35.06,0.7,0.3,7.52,0.275,5.8,,
222,Night,Connexion,0,37.6,0,0,0,0,4,34.04,1.3,0.198,0.4,35.06,0.7,0.295,7.52,0.275,5.8,,
228,Early AM,Connexion,10,31.2,0.841,0.571,0.480211,1,3.5,34.04,1.3,0.198,0.4,35.06,0.7,0.295,6.24,0.275,5.8,,
228,AM Peak,Connexion,30,31.2,0.85,0.8,0.68,1,2.5,34.04,1.3,0.242,0.4,35.06,1,0.33,6.24,0.275,5.8,,
228,Midday,Connexion,0,31.2,0,0,0,0,6,34.04,1.3,0.22,0.4,35.06,0.7,0.3,6.24,0.275,5.8,,
228,PM Peak,Connexion,37,31.2,0.917,1.429,1.310393,2,3.5,34.04,1.3,0.242,0.4,35.06,1,0.33,6.24,0.275,5.8,,
228,Evening,Connexion,0,31.2,0,0,0,0,4.5,34.04,1.3,0.22,0.4,35.06,0.7,0.3,6.24,0.275,5.8,,
228,Night,Connexion,0,31.2,0,0,0,0,4,34.04,1.3,0.198,0.4,35.06,0.7,0.295,6.24,0.275,5.8,,
231,Early AM,Cancelled,10,,,,,,,,,,,,,,,,,,
231,AM Peak,Cancelled,44,,,,,,,,,,,,,,,,,,
231,Midday,Cancelled,0,,,,,,,,,,,,,,,,,,
231,PM Peak,Cancelled,28,,,,,,,,,,,,,,,,,,
231,Evening,Cancelled,6,,,,,,,,,,,,,,,,,,
231,Night,Cancelled,0,,,,,,,,,,,,,,,,,,
232,Early AM,Cancelled,11,,,,,,,,,,,,,,,,,,
232,AM Peak,Cancelled,79,,,,,,,,,,,,,,,,,,
232,Midday,Cancelled,0,,,,,,,,,,,,,,,,,,
232,PM Peak,Cancelled,60,,,,,,,,,,,,,,,,,,
232,Evening,Cancelled,4,,,,,,,,,,,,,,,,,,
232,Night,Cancelled,0,,,,,,,,,,,,,,,,,,
234,Early AM,Connexion,26,19.7,0.558,0.571,0.318618,1,3.5,34.04,1.3,0.198,0.4,35.06,0.7,0.295,3.94,0.275,5.8,,
234,AM Peak,Connexion,129,19.7,0.629,2.48,1.55992,2,2.5,34.04,1.3,0.242,0.4,35.06,1,0.33,3.94,0.275,5.8,,
234,Midday,Connexion,0,19.7,0,0,0,0,6,34.04,1.3,0.22,0.4,35.06,0.7,0.3,3.94,0.275,5.8,,
234,PM Peak,Connexion,114,19.7,0.688,2.571,1.768848,2,3.5,34.04,1.3,0.242,0.4,35.06,1,0.33,3.94,0.275,5.8,,
234,Evening,Connexion,10,19.7,0,0,0,0,4.5,34.04,1.3,0.22,0.4,35.06,0.7,0.3,3.94,0.275,5.8,,
234,Night,Connexion,0,19.7,0,0,0,0,4,34.04,1.3,0.198,0.4,35.06,0.7,0.295,3.94,0.275,5.8,,
236,Early AM,Cancelled,39,,,,,,,,,,,,,,,,,,
236,AM Peak,Cancelled,161,,,,,,,,,,,,,,,,,,
236,Midday,Cancelled,0,,,,,,,,,,,,,,,,,,
236,PM Peak,Cancelled,177,,,,,,,,,,,,,,,,,,
236,Evening,Cancelled,22,,,,,,,,,,,,,,,,,,
236,Night,Cancelled,0,,,,,,,,,,,,,,,,,,
237,Early AM,Connexion,12,15.2,0.417,0.286,0.119262,1,3.5,34.04,1.3,0.198,0.4,35.06,0.7,0.295,3.04,0.275,5.8,,
237,AM Peak,Connexion,42,15.2,0.461,1.6,0.7376,1,2.5,34.04,1.3,0.242,0.4,35.06,1,0.33,3.04,0.275,5.8,,
237,Midday,Connexion,0,15.2,0,0,0,0,6,34.04,1.3,0.22,0.4,35.06,0.7,0.3,3.04,0.275,5.8,,
237,PM Peak,Connexion,31,15.2,0.517,1.2,0.6204,1,3.5,34.04,1.3,0.242,0.4,35.06,1,0.33,3.04,0.275,5.8,,
237,Evening,Connexion,5,15.2,0,0,0,0,4.5,34.04,1.3,0.22,0.4,35.06,0.7,0.3,3.04,0.275,5.8,,
237,Night,Connexion,0,15.2,0,0,0,0,4,34.04,1.3,0.198,0.4,35.06,0.7,0.295,3.04,0.275,5.8,,
252,Early AM,Cancelled,31,,,,,,,,,,,,,,,,,,
252,AM Peak,Cancelled,85,,,,,,,,,,,,,,,,,,
252,Midday,Cancelled,0,,,,,,,,,,,,,,,,,,
252,PM Peak,Cancelled,103,,,,,,,,,,,,,,,,,,
252,Evening,Cancelled,8,,,,,,,,,,,,,,,,,,
252,Night,Cancelled,0,,,,,,,,,,,,,,,,,,
256,Early AM,Connexion,7,30.9,0.851,0.857,0.729307,1,3.5,34.04,1.3,0.198,0.4,35.06,0.7,0.295,6.18,0.275,5.8,,
256,AM Peak,Connexion,145,30.9,0.916,2.4,2.1984,3,2.5,34.04,1.3,0.242,0.4,35.06,1,0.33,6.18,0.275,5.8,,
256,Midday,Connexion,0,30.9,0.917,0.167,0.153139,1,6,34.04,1.3,0.22,0.4,35.06,0.7,0.3,6.18,0.275,5.8,,
256,PM Peak,Connexion,134,30.9,1.054,2.743,2.891122,3,3.5,34.04,1.3,0.242,0.4,35.06,1,0.33,6.18,0.275,5.8,,
256,Evening,Connexion,11,30.9,1.033,0.222,0.229326,1,4.5,34.04,1.3,0.22,0.4,35.06,0.7,0.3,6.18,0.275,5.8,,
256,Night,Connexion,0,30.9,0,0,0,0,4,34.04,1.3,0.198,0.4,35.06,0.7,0.295,6.18,0.275,5.8,,
257,Early AM,Cancelled,33,,,,,,,,,,,,,,,,,,
257,AM Peak,Cancelled,134,,,,,,,,,,,,,,,,,,
257,Midday,Cancelled,33,,,,,,,,,,,,,,,,,,
257,PM Peak,Cancelled,152,,,,,,,,,,,,,,,,,,
257,Evening,Cancelled,9,,,,,,,,,,,,,,,,,,
257,Night,Cancelled,0,,,,,,,,,,,,,,,,,,
258,Early AM,Cancelled,7,,,,,,,,,,,,,,,,,,
258,AM Peak,Cancelled,25,,,,,,,,,,,,,,,,,,
258,Midday,Cancelled,6,,,,,,,,,,,,,,,,,,
258,PM Peak,Cancelled,24,,,,,,,,,,,,,,,,,,
258,Evening,Cancelled,2,,,,,,,,,,,,,,,,,,
258,Night,Cancelled,0,,,,,,,,,,,,,,,,,,
261,Early AM,Connexion,11,32.5,0.75,0.571,0.42825,1,3.5,34.04,1.3,0.198,0.4,35.06,0.7,0.295,6.5,0.275,5.8,,
261,AM Peak,Connexion,70,32.5,0.9,1.68,1.512,2,2.5,34.04,1.3,0.242,0.4,35.06,1,0.33,6.5,0.275,5.8,,
261,Midday,Connexion,0,32.5,0,0,0,0,6,34.04,1.3,0.22,0.4,35.06,0.7,0.3,6.5,0.275,5.8,,
261,PM Peak,Connexion,69,32.5,0.917,1.771,1.624007,2,3.5,34.04,1.3,0.242,0.4,35.06,1,0.33,6.5,0.275,5.8,,
261,Evening,Connexion,0,32.5,0,0,0,0,4.5,34.04,1.3,0.22,0.4,35.06,0.7,0.3,6.5,0.275,5.8,,
261,Night,Connexion,0,32.5,0,0,0,0,4,34.04,1.3,0.198,0.4,35.06,0.7,0.295,6.5,0.275,5.8,,
262,Early AM,Connexion,23,34.4,0.817,0.571,0.466507,1,3.5,34.04,1.3,0.198,0.4,35.06,0.7,0.295,6.88,0.275,5.8,,
262,AM Peak,Connexion,77,34.4,0.925,1.28,1.184,2,2.5,34.04,1.3,0.242,0.4,35.06,1,0.33,6.88,0.275,5.8,,
262,Midday,Connexion,0,34.4,0,0,0,0,6,34.04,1.3,0.22,0.4,35.06,0.7,0.3,6.88,0.275,5.8,,
262,PM Peak,Connexion,100,34.4,1.004,2.057,2.065228,3,3.5,34.04,1.3,0.242,0.4,35.06,1,0.33,6.88,0.275,5.8,,
262,Evening,Connexion,6,34.4,0.983,0.222,0.218226,1,4.5,34.04,1.3,0.22,0.4,35.06,0.7,0.3,6.88,0.275,5.8,,
262,Night,Connexion,0,34.4,0,0,0,0,4,34.04,1.3,0.198,0.4,35.06,0.7,0.295,6.88,0.275,5.8,,
263,Early AM,Connexion,10,45.2,1.017,0.286,0.290862,1,3.5,34.04,1.3,0.198,0.4,35.06,0.7,0.295,9.04,0.275,5.8,,
263,AM Peak,Connexion,22,45.2,1.1,0.88,0.968,1,2.5,34.04,1.3,0.242,0.4,35.06,1,0.33,9.04,0.275,5.8,,
263,Midday,Connexion,0,45.2,0,0,0,0,6,34.04,1.3,0.22,0.4,35.06,0.7,0.3,9.04,0.275,5.8,,
263,PM Peak,Connexion,30,45.2,1.221,1.543,1.884003,2,3.5,34.04,1.3,0.242,0.4,35.06,1,0.33,9.04,0.275,5.8,,
263,Evening,Connexion,7,45.2,0,0,0,0,4.5,34.04,1.3,0.22,0.4,35.06,0.7,0.3,9.04,0.275,5.8,,
263,Night,Connexion,0,45.2,0,0,0,0,4,34.04,1.3,0.198,0.4,35.06,0.7,0.295,9.04,0.275,5.8,,
264,Early AM,Cancelled,7,,,,,,,,,,,,,,,,,,
264,AM Peak,Cancelled,38,,,,,,,,,,,,,,,,,,
264,Midday,Cancelled,0,,,,,,,,,,,,,,,,,,
264,PM Peak,Cancelled,42,,,,,,,,,,,,,,,,,,
264,Evening,Cancelled,5,,,,,,,,,,,,,,,,,,
264,Night,Cancelled,0,,,,,,,,,,,,,,,,,,
265,Early AM,Connexion,7,32.6,0.956,0.571,0.545876,1,3.5,34.04,1.3,0.198,0.4,35.06,0.7,0.295,6.52,0.275,5.8,,
265,AM Peak,Connexion,32,32.6,1.06,2.96,3.1376,4,2.5,34.04,1.3,0.242,0.4,35.06,1,0.33,6.52,0.275,5.8,,
265,Midday,Connexion,0,32.6,0,0,0,0,6,34.04,1.3,0.22,0.4,35.06,0.7,0.3,6.52,0.275,5.8,,
265,PM Peak,Connexion,15,32.6,1.061,2.4,2.5464,3,3.5,34.04,1.3,0.242,0.4,35.06,1,0.33,6.52,0.275,5.8,,
265,Evening,Connexion,0,32.6,0.983,0,0,0,4.5,34.04,1.3,0.22,0.4,35.06,0.7,0.3,6.52,0.275,5.8,,
265,Night,Connexion,0,32.6,0,0,0,0,4,34.04,1.3,0.198,0.4,35.06,0.7,0.295,6.52,0.275,5.8,,
267,Early AM,Cancelled,14,,,,,,,,,,,,,,,,,,
267,AM Peak,Cancelled,106,,,,,,,,,,,,,,,,,,
267,Midday,Cancelled,0,,,,,,,,,,,,,,,,,,
267,PM Peak,Cancelled,100,,,,,,,,,,,,,,,,,,
267,Evening,Cancelled,3,,,,,,,,,,,,,,,,,,
267,Night,Cancelled,0,,,,,,,,,,,,,,,,,,
268,Early AM,Cancelled,9,,,,,,,,,,,,,,,,,,
268,AM Peak,Cancelled,121,,,,,,,,,,,,,,,,,,
268,Midday,Cancelled,0,,,,,,,,,,,,,,,,,,
268,PM Peak,Cancelled,62,,,,,,,,,,,,,,,,,,
268,Evening,Cancelled,6,,,,,,,,,,,,,,,,,,
268,Night,Cancelled,0,,,,,,,,,,,,,,,,,,
270,Early AM,Cancelled,14,,,,,,,,,,,,,,,,,,
270,AM Peak,Cancelled,48,,,,,,,,,,,,,,,,,,
270,Midday,Cancelled,0,,,,,,,,,,,,,,,,,,
270,PM Peak,Cancelled,66,,,,,,,,,,,,,,,,,,
270,Evening,Cancelled,5,,,,,,,,,,,,,,,,,,
270,Night,Cancelled,0,,,,,,,,,,,,,,,,,,
271,Early AM,Cancelled,14,,,,,,,,,,,,,,,,,,
271,AM Peak,Cancelled,167,,,,,,,,,,,,,,,,,,
271,Midday,Cancelled,0,,,,,,,,,,,,,,,,,,
271,PM Peak,Cancelled,99,,,,,,,,,,,,,,,,,,
271,Evening,Cancelled,6,,,,,,,,,,,,,,,,,,
271,Night,Cancelled,0,,,,,,,,,,,,,,,,,,
272,Early AM,Cancelled,12,,,,,,,,,,,,,,,,,,
272,AM Peak,Cancelled,162,,,,,,,,,,,,,,,,,,
272,Midday,Cancelled,0,,,,,,,,,,,,,,,,,,
272,PM Peak,Cancelled,136,,,,,,,,,,,,,,,,,,
272,Evening,Cancelled,10,,,,,,,,,,,,,,,,,,
272,Night,Cancelled,0,,,,,,,,,,,,,,,,,,
273,Early AM,Cancelled,10,,,,,,,,,,,,,,,,,,
273,AM Peak,Cancelled,134,,,,,,,,,,,,,,,,,,
273,Midday,Cancelled,0,,,,,,,,,,,,,,,,,,
273,PM Peak,Cancelled,123,,,,,,,,,,,,,,,,,,
273,Evening,Cancelled,7,,,,,,,,,,,,,,,,,,
273,Night,Cancelled,0,,,,,,,,,,,,,,,,,,
277,Early AM,Connexion,27,22.2,0.791,0.571,0.451661,1,3.5,34.04,1.3,0.198,0.4,35.06,0.7,0.295,4.44,0.275,5.8,,
277,AM Peak,Connexion,234,22.2,0.838,2,1.676,2,2.5,34.04,1.3,0.242,0.4,35.06,1,0.33,4.44,0.275,5.8,,
277,Midday,Connexion,23,22.2,0.867,0.333,0.288711,1,6,34.04,1.3,0.22,0.4,35.06,0.7,0.3,4.44,0.275,5.8,,
277,PM Peak,Connexion,121,22.2,0.855,2.343,2.003265,3,3.5,34.04,1.3,0.242,0.4,35.06,1,0.33,4.44,0.275,5.8,,
277,Evening,Connexion,9,22.2,0,0,0,0,4.5,34.04,1.3,0.22,0.4,35.06,0.7,0.3,4.44,0.275,5.8,,
277,Night,Connexion,0,22.2,0,0,0,0,4,34.04,1.3,0.198,0.4,35.06,0.7,0.295,4.44,0.275,5.8,,
278,Early AM,Cancelled,15,,,,,,,,,,,,,,,,,,
278,AM Peak,Cancelled,184,,,,,,,,,,,,,,,,,,
278,Midday,Cancelled,0,,,,,,,,,,,,,,,,,,
278,PM Peak,Cancelled,133,,,,,,,,,,,,,,,,,,
278,Evening,Cancelled,7,,,,,,,,,,,,,,,,,,
278,Night,Cancelled,0,,,,,,,,,,,,,,,,,,
282,Early AM,Cancelled,23,,,,,,,,,,,,,,,,,,
282,AM Peak,Cancelled,109,,,,,,,,,,,,,,,,,,
282,Midday,Cancelled,0,,,,,,,,,,,,,,,,,,
282,PM Peak,Cancelled,93,,,,,,,,,,,,,,,,,,
282,Evening,Cancelled,9,,,,,,,,,,,,,,,,,,
282,Night,Cancelled,0,,,,,,,,,,,,,,,,,,
283,Early AM,Connexion,4,44.8,0.892,0.571,0.509332,1,3.5,34.04,1.3,0.198,0.4,35.06,0.7,0.295,8.96,0.275,5.8,,
283,AM Peak,Connexion,21,44.8,0.6,0.4,0.24,1,2.5,34.04,1.3,0.242,0.4,35.06,1,0.33,8.96,0.275,5.8,,
283,Midday,Connexion,0,44.8,0,0,0,0,6,34.04,1.3,0.22,0.4,35.06,0.7,0.3,8.96,0.275,5.8,,
283,PM Peak,Connexion,25,44.8,0.8,1.2,0.96,1,3.5,34.04,1.3,0.242,0.4,35.06,1,0.33,8.96,0.275,5.8,,
283,Evening,Connexion,0,44.8,0,0,0,0,4.5,34.04,1.3,0.22,0.4,35.06,0.7,0.3,8.96,0.275,5.8,,
283,Night,Connexion,0,44.8,0,0,0,0,4,34.04,1.3,0.198,0.4,35.06,0.7,0.295,8.96,0.275,5.8,,
290,Early AM,Cancelled,0,,,,,,,,,,,,,,,,,,
290,AM Peak,Cancelled,121,,,,,,,,,,,,,,,,,,
290,Midday,Cancelled,0,,,,,,,,,,,,,,,,,,
290,PM Peak,Cancelled,77,,,,,,,,,,,,,,,,,,
290,Evening,Cancelled,12,,,,,,,,,,,,,,,,,,
290,Night,Cancelled,0,,,,,,,,,,,,,,,,,,
291,Early AM,Cancelled,15,,,,,,,,,,,,,,,,,,
291,AM Peak,Cancelled,137,,,,,,,,,,,,,,,,,,
291,Midday,Cancelled,0,,,,,,,,,,,,,,,,,,
291,PM Peak,Cancelled,121,,,,,,,,,,,,,,,,,,
291,Evening,Cancelled,14,,,,,,,,,,,,,,,,,,
291,Night,Cancelled,0,,,,,,,,,,,,,,,,,,
294,Early AM,Connexion,11,7.0,0,0,0,0,3.5,34.04,1.3,0.198,0.4,35.06,0.7,0.295,1.4,0.275,5.8,,
294,AM Peak,Connexion,201,7.0,0.267,2.8,0.7476,1,2.5,34.04,1.3,0.242,0.4,35.06,1,0.33,1.4,0.275,5.8,,
294,Midday,Connexion,0,7.0,0,0,0,0,6,34.04,1.3,0.22,0.4,35.06,0.7,0.3,1.4,0.275,5.8,,
294,PM Peak,Connexion,234,7.0,0.267,1.543,0.411981,1,3.5,34.04,1.3,0.242,0.4,35.06,1,0.33,1.4,0.275,5.8,,
294,Evening,Connexion,0,7.0,0,0,0,0,4.5,34.04,1.3,0.22,0.4,35.06,0.7,0.3,1.4,0.275,5.8,,
294,Night,Connexion,0,7.0,0,0,0,0,4,34.04,1.3,0.198,0.4,35.06,0.7,0.295,1.4,0.275,5.8,,
299,Early AM,Connexion,0,13.1,0.383,0.343,0.131369,1,3.5,34.04,1.3,0.198,0.4,35.06,0.7,0.295,2.62,0.275,5.8,,
299,AM Peak,Connexion,121,13.1,0.27,1.6,0.432,1,2.5,34.04,1.3,0.242,0.4,35.06,1,0.33,2.62,0.275,5.8,,
299,Midday,Connexion,0,13.1,0.1,0.167,0.0167,1,6,34.04,1.3,0.22,0.4,35.06,0.7,0.3,2.62,0.275,5.8,,
299,PM Peak,Connexion,44,13.1,0.425,0.914,0.38845,1,3.5,34.04,1.3,0.242,0.4,35.06,1,0.33,2.62,0.275,5.8,,
299,Evening,Connexion,0,13.1,0,0,0,0,4.5,34.04,1.3,0.22,0.4,35.06,0.7,0.3,2.62,0.275,5.8,,
299,Night,Connexion,0,13.1,0,0,0,0,4,34.04,1.3,0.198,0.4,35.06,0.7,0.295,2.62,0.275,5.8,,
